Workbook

Sheet Data Alokasi Mitra per Bulan
A1: Helper | B1: Helper2 | C1: Nama | D1: Bulan | E1: Kegiatan | F1: PML | G1: Honor | H1: Honor Per Satuan | I1: Satuan | J1: Volume | K1: Mata Anggaran | L1: Tanggal Mulai | M1: Tanggal Berakhir | N1: Lebih Bayar | R1: Alamat | S1: Pekerjaan | Y1: =EOMONTH(TODAY(),-2)+1 -> 45992 | Z1: =Y1 -> 45992 | BE1: =EOMONTH(Y1,0)+1 -> 46023 | BF1: =BE1 -> 46023 | CK1: =EOMONTH(BE1,0)+1 -> 46054 | CL1: =CK1 -> 46054 | DQ1: =EOMONTH(CK1,0)+1 -> 46082 | EW1: =EOMONTH(DQ1,0)+1 -> 46113 | GC1: =EOMONTH(EW1,0)+1 -> 46143 | HI1: =EOMONTH(GC1,0)+1 -> 46174 | IO1: =EOMONTH(HI1,0)+1 -> 46204 | JU1: =EOMONTH(IO1,0)+1 -> 46235 | LA1: =EOMONTH(JU1,0)+1 -> 46266 | MG1: =EOMONTH(LA1,0)+1 -> 46296 | NM1: =EOMONTH(MG1,0)+1 -> 46327
A2: =U2&"-"&COUNTIF(U$2:U2,U2) -> GaberielJanuari-1 | B2: =CONCATENATE(F2,D2,E2) -> JanuariCONTOH | C2: Gaberiel | D2: Januari | E2: CONTOH | G2: 660000 | H2: 55000 | N2: =_xludf.IFNA(IF(X2>3530000,3530000-X2,""),"") -> #NAME? | R2: {=VLOOKUP(C2,DB!A:D,2,FALSE)} -> #N/A | S2: {=VLOOKUP(C2,DB!A:D,3,FALSE)} -> #N/A | T2: CARA MEMILIH TANGGAL DENGAN KLIK 2 KALI PADA CELL | U2: =CONCATENATE(C2,D2) -> GaberielJanuari | V2: =IF(M2="",_xludf.SWITCH(D2,"Januari",EOMONTH("01/01/2024",0),"Februari",EOMONTH("01/01/2024",1),"Maret",EOMONTH("01/01/2024",2),"April",EOMONTH("01/01/2024",3),"Mei",EOMONTH("01/01/2024",4),"Juni",EOMONTH("01/01/2024",5),"Juli",EOMONTH("01/01/2024",6),"Agustus",EOMONTH("01/01/2024",7),"September",EOMONTH("01/01/2024",8),"Oktober",EOMONTH("01/01/2024",9),"November",EOMONTH("01/01/2024",10),"Desember",EOMONTH("01/01/2024",11)),M2) -> #NAME? | X2: =VLOOKUP(CONCATENATE(C2,D2),'Honor 2025'!A:D,4,FALSE) -> #N/A
A3: =U3&"-"&COUNTIF(U$2:U3,U3) -> ARTHUR CARLOS BOGARJanuari-1 | B3: =CONCATENATE(F3,D3,E3) -> Farhan, S.Tr.Stat.JanuariPES | C3: ARTHUR CARLOS BOGAR | D3: Januari | E3: PES | F3: Farhan, S.Tr.Stat. | G3: 954000 | H3: 53000 | I3: Dok | J3: 18 | K3: 2908.BMA.004.005.A.521213 | L3: 45659 | M3: 45688 | N3: =_xludf.IFNA(IF(X3>3530000,3530000-X3,""),"") -> #NAME? | R3: {=VLOOKUP(C3,DB!A:D,2,FALSE)} -> KELURAHAN ISLAM LINGKUNGAN 3 | S3: {=VLOOKUP(C3,DB!A:D,3,FALSE)} -> Arthur.bogar@yahoo.com | T3: CARA MEMILIH TANGGAL DENGAN KLIK 2 KALI PADA CELL | U3: =CONCATENATE(C3,D3) -> ARTHUR CARLOS BOGARJanuari | V3: =IF(M3="",_xludf.SWITCH(D3,"Januari",EOMONTH("01/01/2024",0),"Februari",EOMONTH("01/01/2024",1),"Maret",EOMONTH("01/01/2024",2),"April",EOMONTH("01/01/2024",3),"Mei",EOMONTH("01/01/2024",4),"Juni",EOMONTH("01/01/2024",5),"Juli",EOMONTH("01/01/2024",6),"Agustus",EOMONTH("01/01/2024",7),"September",EOMONTH("01/01/2024",8),"Oktober",EOMONTH("01/01/2024",9),"November",EOMONTH("01/01/2024",10),"Desember",EOMONTH("01/01/2024",11)),M3) -> 45688 | X3: =VLOOKUP(CONCATENATE(C3,D3),'Honor 2025'!A:D,4,FALSE) -> 954000
A4: =U4&"-"&COUNTIF(U$2:U4,U4) -> Cecillia ArthoJanuari-1 | B4: =CONCATENATE(F4,D4,E4) -> Farhan, S.Tr.Stat.JanuariPES | C4: Cecillia Artho | D4: Januari | E4: PES | F4: Farhan, S.Tr.Stat. | G4: 954000 | H4: 53000 | I4: Dok | J4: 18 | K4: 2908.BMA.004.005.A.521213 | L4: 45659 | M4: 45688 | N4: =_xludf.IFNA(IF(X4>3530000,3530000-X4,""),"") -> #NAME? | R4: {=VLOOKUP(C4,DB!A:D,2,FALSE)} -> Jl. Sam Ratulangi 18 no 34, Lingkungan IV | S4: {=VLOOKUP(C4,DB!A:D,3,FALSE)} -> ryuuseiishida@gmail.com | T4: CARA MEMILIH TANGGAL DENGAN KLIK 2 KALI PADA CELL | U4: =CONCATENATE(C4,D4) -> Cecillia ArthoJanuari | V4: =IF(M4="",_xludf.SWITCH(D4,"Januari",EOMONTH("01/01/2024",0),"Februari",EOMONTH("01/01/2024",1),"Maret",EOMONTH("01/01/2024",2),"April",EOMONTH("01/01/2024",3),"Mei",EOMONTH("01/01/2024",4),"Juni",EOMONTH("01/01/2024",5),"Juli",EOMONTH("01/01/2024",6),"Agustus",EOMONTH("01/01/2024",7),"September",EOMONTH("01/01/2024",8),"Oktober",EOMONTH("01/01/2024",9),"November",EOMONTH("01/01/2024",10),"Desember",EOMONTH("01/01/2024",11)),M4) -> 45688 | X4: =VLOOKUP(CONCATENATE(C4,D4),'Honor 2025'!A:D,4,FALSE) -> 1614000
A5: =U5&"-"&COUNTIF(U$2:U5,U5) -> Steven Sorts Paulus AkayJanuari-1 | B5: =CONCATENATE(F5,D5,E5) -> Farhan, S.Tr.Stat.JanuariPES | C5: Steven Sorts Paulus Akay | D5: Januari | E5: PES | F5: Farhan, S.Tr.Stat. | G5: 3498000 | H5: 53000 | I5: Dok | J5: 66 | K5: 2908.BMA.004.005.A.521213 | L5: 45659 | M5: 45688 | N5: =_xludf.IFNA(IF(X5>3530000,3530000-X5,""),"") -> #NAME? | R5: {=VLOOKUP(C5,DB!A:D,2,FALSE)} -> PERUM GPI Jalan Delima 3 nomor 15 | S5: {=VLOOKUP(C5,DB!A:D,3,FALSE)} -> epenakay@gmail.com | T5: CARA MEMILIH TANGGAL DENGAN KLIK 2 KALI PADA CELL | U5: =CONCATENATE(C5,D5) -> Steven Sorts Paulus AkayJanuari | V5: =IF(M5="",_xludf.SWITCH(D5,"Januari",EOMONTH("01/01/2024",0),"Februari",EOMONTH("01/01/2024",1),"Maret",EOMONTH("01/01/2024",2),"April",EOMONTH("01/01/2024",3),"Mei",EOMONTH("01/01/2024",4),"Juni",EOMONTH("01/01/2024",5),"Juli",EOMONTH("01/01/2024",6),"Agustus",EOMONTH("01/01/2024",7),"September",EOMONTH("01/01/2024",8),"Oktober",EOMONTH("01/01/2024",9),"November",EOMONTH("01/01/2024",10),"Desember",EOMONTH("01/01/2024",11)),M5) -> 45688 | X5: =VLOOKUP(CONCATENATE(C5,D5),'Honor 2025'!A:D,4,FALSE) -> 3498000
A6: =U6&"-"&COUNTIF(U$2:U6,U6) -> Alvani Bregina NgongoloyJanuari-1 | B6: =CONCATENATE(F6,D6,E6) -> Olivia Widyawaty SahambangungJanuariVHTS | C6: Alvani Bregina Ngongoloy | D6: Januari | E6: VHTS | F6: Olivia Widyawaty Sahambangung | G6: 660000 | H6: 66000 | I6: Dok | J6: 10 | K6: 2908.BMA.004.005.A.521213 | L6: 45659 | M6: 45677 | N6: =_xludf.IFNA(IF(X6>3530000,3530000-X6,""),"") -> #NAME? | R6: {=VLOOKUP(C6,DB!A:D,2,FALSE)} -> Kelurahan Ranotana Weru Lingkunan 3 | S6: {=VLOOKUP(C6,DB!A:D,3,FALSE)} -> Figliogina05@gmail.com | T6: CARA MEMILIH TANGGAL DENGAN KLIK 2 KALI PADA CELL | U6: =CONCATENATE(C6,D6) -> Alvani Bregina NgongoloyJanuari | V6: =IF(M6="",_xludf.SWITCH(D6,"Januari",EOMONTH("01/01/2024",0),"Februari",EOMONTH("01/01/2024",1),"Maret",EOMONTH("01/01/2024",2),"April",EOMONTH("01/01/2024",3),"Mei",EOMONTH("01/01/2024",4),"Juni",EOMONTH("01/01/2024",5),"Juli",EOMONTH("01/01/2024",6),"Agustus",EOMONTH("01/01/2024",7),"September",EOMONTH("01/01/2024",8),"Oktober",EOMONTH("01/01/2024",9),"November",EOMONTH("01/01/2024",10),"Desember",EOMONTH("01/01/2024",11)),M6) -> 45677 | X6: =VLOOKUP(CONCATENATE(C6,D6),'Honor 2025'!A:D,4,FALSE) -> 1458000
A7: =U7&"-"&COUNTIF(U$2:U7,U7) -> Cecillia ArthoJanuari-2 | B7: =CONCATENATE(F7,D7,E7) -> Rahadita Nur Haida, S.Tr.Stat.JanuariVHTS | C7: Cecillia Artho | D7: Januari | E7: VHTS | F7: Rahadita Nur Haida, S.Tr.Stat. | G7: 660000 | H7: 66000 | I7: Dok | J7: 10 | K7: 2908.BMA.004.005.A.521213 | L7: 45659 | M7: 45677 | N7: =_xludf.IFNA(IF(X7>3530000,3530000-X7,""),"") -> #NAME? | R7: {=VLOOKUP(C7,DB!A:D,2,FALSE)} -> Jl. Sam Ratulangi 18 no 34, Lingkungan IV | S7: {=VLOOKUP(C7,DB!A:D,3,FALSE)} -> ryuuseiishida@gmail.com | T7: CARA MEMILIH TANGGAL DENGAN KLIK 2 KALI PADA CELL | U7: =CONCATENATE(C7,D7) -> Cecillia ArthoJanuari | V7: =IF(M7="",_xludf.SWITCH(D7,"Januari",EOMONTH("01/01/2024",0),"Februari",EOMONTH("01/01/2024",1),"Maret",EOMONTH("01/01/2024",2),"April",EOMONTH("01/01/2024",3),"Mei",EOMONTH("01/01/2024",4),"Juni",EOMONTH("01/01/2024",5),"Juli",EOMONTH("01/01/2024",6),"Agustus",EOMONTH("01/01/2024",7),"September",EOMONTH("01/01/2024",8),"Oktober",EOMONTH("01/01/2024",9),"November",EOMONTH("01/01/2024",10),"Desember",EOMONTH("01/01/2024",11)),M7) -> 45677 | X7: =VLOOKUP(CONCATENATE(C7,D7),'Honor 2025'!A:D,4,FALSE) -> 1614000
A8: =U8&"-"&COUNTIF(U$2:U8,U8) -> Esther Angle SepangJanuari-1 | B8: =CONCATENATE(F8,D8,E8) -> Olivia Widyawaty SahambangungJanuariVHTS | C8: Esther Angle Sepang | D8: Januari | E8: VHTS | F8: Olivia Widyawaty Sahambangung | G8: 660000 | H8: 66000 | I8: Dok | J8: 10 | K8: 2908.BMA.004.005.A.521213 | L8: 45659 | M8: 45677 | N8: =_xludf.IFNA(IF(X8>3530000,3530000-X8,""),"") -> #NAME? | R8: {=VLOOKUP(C8,DB!A:D,2,FALSE)} -> Bumi Nyiur Lingkungan 2 | S8: {=VLOOKUP(C8,DB!A:D,3,FALSE)} -> esthersepang24@gmail.com | T8: CARA MEMILIH TANGGAL DENGAN KLIK 2 KALI PADA CELL | U8: =CONCATENATE(C8,D8) -> Esther Angle SepangJanuari | V8: =IF(M8="",_xludf.SWITCH(D8,"Januari",EOMONTH("01/01/2024",0),"Februari",EOMONTH("01/01/2024",1),"Maret",EOMONTH("01/01/2024",2),"April",EOMONTH("01/01/2024",3),"Mei",EOMONTH("01/01/2024",4),"Juni",EOMONTH("01/01/2024",5),"Juli",EOMONTH("01/01/2024",6),"Agustus",EOMONTH("01/01/2024",7),"September",EOMONTH("01/01/2024",8),"Oktober",EOMONTH("01/01/2024",9),"November",EOMONTH("01/01/2024",10),"Desember",EOMONTH("01/01/2024",11)),M8) -> 45677 | X8: =VLOOKUP(CONCATENATE(C8,D8),'Honor 2025'!A:D,4,FALSE) -> 1254000
A9: =U9&"-"&COUNTIF(U$2:U9,U9) -> MARLIN TELMA OCTAVIA KARIOJanuari-1 | B9: =CONCATENATE(F9,D9,E9) -> Rahadita Nur Haida, S.Tr.Stat.JanuariVHTS | C9: MARLIN TELMA OCTAVIA KARIO | D9: Januari | E9: VHTS | F9: Rahadita Nur Haida, S.Tr.Stat. | G9: 660000 | H9: 66000 | I9: Dok | J9: 10 | K9: 2908.BMA.004.005.A.521213 | L9: 45659 | M9: 45677 | N9: =_xludf.IFNA(IF(X9>3530000,3530000-X9,""),"") -> #NAME? | R9: {=VLOOKUP(C9,DB!A:D,2,FALSE)} -> Jl Sam ratulangi 21 | S9: {=VLOOKUP(C9,DB!A:D,3,FALSE)} -> Kariomarlin@gmail.com | T9: CARA MEMILIH TANGGAL DENGAN KLIK 2 KALI PADA CELL | U9: =CONCATENATE(C9,D9) -> MARLIN TELMA OCTAVIA KARIOJanuari | V9: =IF(M9="",_xludf.SWITCH(D9,"Januari",EOMONTH("01/01/2024",0),"Februari",EOMONTH("01/01/2024",1),"Maret",EOMONTH("01/01/2024",2),"April",EOMONTH("01/01/2024",3),"Mei",EOMONTH("01/01/2024",4),"Juni",EOMONTH("01/01/2024",5),"Juli",EOMONTH("01/01/2024",6),"Agustus",EOMONTH("01/01/2024",7),"September",EOMONTH("01/01/2024",8),"Oktober",EOMONTH("01/01/2024",9),"November",EOMONTH("01/01/2024",10),"Desember",EOMONTH("01/01/2024",11)),M9) -> 45677 | X9: =VLOOKUP(CONCATENATE(C9,D9),'Honor 2025'!A:D,4,FALSE) -> 1108000
A10: =U10&"-"&COUNTIF(U$2:U10,U10) -> Reini Clara PaulusJanuari-1 | B10: =CONCATENATE(F10,D10,E10) -> Rahadita Nur Haida, S.Tr.Stat.JanuariVHTS | C10: Reini Clara Paulus | D10: Januari | E10: VHTS | F10: Rahadita Nur Haida, S.Tr.Stat. | G10: 660000 | H10: 66000 | I10: Dok | J10: 10 | K10: 2908.BMA.004.005.A.521213 | L10: 45659 | M10: 45677 | N10: =_xludf.IFNA(IF(X10>3530000,3530000-X10,""),"") -> #NAME? | R10: {=VLOOKUP(C10,DB!A:D,2,FALSE)} -> Jalan Teluk Tomini No. 170 | S10: {=VLOOKUP(C10,DB!A:D,3,FALSE)} -> reinizalora@gmail.com | T10: CARA MEMILIH TANGGAL DENGAN KLIK 2 KALI PADA CELL | U10: =CONCATENATE(C10,D10) -> Reini Clara PaulusJanuari | V10: =IF(M10="",_xludf.SWITCH(D10,"Januari",EOMONTH("01/01/2024",0),"Februari",EOMONTH("01/01/2024",1),"Maret",EOMONTH("01/01/2024",2),"April",EOMONTH("01/01/2024",3),"Mei",EOMONTH("01/01/2024",4),"Juni",EOMONTH("01/01/2024",5),"Juli",EOMONTH("01/01/2024",6),"Agustus",EOMONTH("01/01/2024",7),"September",EOMONTH("01/01/2024",8),"Oktober",EOMONTH("01/01/2024",9),"November",EOMONTH("01/01/2024",10),"Desember",EOMONTH("01/01/2024",11)),M10) -> 45677 | X10: =VLOOKUP(CONCATENATE(C10,D10),'Honor 2025'!A:D,4,FALSE) -> 3426000
A11: =U11&"-"&COUNTIF(U$2:U11,U11) -> SRI RETNO PUSPITOJanuari-1 | B11: =CONCATENATE(F11,D11,E11) -> Rahadita Nur Haida, S.Tr.Stat.JanuariVHTS | C11: SRI RETNO PUSPITO | D11: Januari | E11: VHTS | F11: Rahadita Nur Haida, S.Tr.Stat. | G11: 660000 | H11: 66000 | I11: Dok | J11: 10 | K11: 2908.BMA.004.005.A.521213 | L11: 45659 | M11: 45677 | N11: =_xludf.IFNA(IF(X11>3530000,3530000-X11,""),"") -> #NAME? | R11: {=VLOOKUP(C11,DB!A:D,2,FALSE)} -> Jln A Yani 15 no 5 manado | S11: {=VLOOKUP(C11,DB!A:D,3,FALSE)} -> sriretnopuspito@gmail.com | T11: CARA MEMILIH TANGGAL DENGAN KLIK 2 KALI PADA CELL | U11: =CONCATENATE(C11,D11) -> SRI RETNO PUSPITOJanuari | V11: =IF(M11="",_xludf.SWITCH(D11,"Januari",EOMONTH("01/01/2024",0),"Februari",EOMONTH("01/01/2024",1),"Maret",EOMONTH("01/01/2024",2),"April",EOMONTH("01/01/2024",3),"Mei",EOMONTH("01/01/2024",4),"Juni",EOMONTH("01/01/2024",5),"Juli",EOMONTH("01/01/2024",6),"Agustus",EOMONTH("01/01/2024",7),"September",EOMONTH("01/01/2024",8),"Oktober",EOMONTH("01/01/2024",9),"November",EOMONTH("01/01/2024",10),"Desember",EOMONTH("01/01/2024",11)),M11) -> 45677 | X11: =VLOOKUP(CONCATENATE(C11,D11),'Honor 2025'!A:D,4,FALSE) -> 660000
A12: =U12&"-"&COUNTIF(U$2:U12,U12) -> Farida TampangJanuari-1 | B12: =CONCATENATE(F12,D12,E12) -> Farhan, S.Tr.Stat.JanuariSurvei STKU | C12: Farida Tampang | D12: Januari | E12: Survei STKU | F12: Farhan, S.Tr.Stat. | G12: 462000 | H12: 66000 | I12: Dok | J12: 7 | K12: 2902.BMA.004.005.A.524113 | L12: 45659 | M12: 45672 | N12: =_xludf.IFNA(IF(X12>3530000,3530000-X12,""),"") -> #NAME? | R12: {=VLOOKUP(C12,DB!A:D,2,FALSE)} -> Perum Malalayang Permai Blok B Lingkungan 5 | S12: {=VLOOKUP(C12,DB!A:D,3,FALSE)} -> frydatampang30730@gmail.com | T12: CARA MEMILIH TANGGAL DENGAN KLIK 2 KALI PADA CELL | U12: =CONCATENATE(C12,D12) -> Farida TampangJanuari | V12: =IF(M12="",_xludf.SWITCH(D12,"Januari",EOMONTH("01/01/2024",0),"Februari",EOMONTH("01/01/2024",1),"Maret",EOMONTH("01/01/2024",2),"April",EOMONTH("01/01/2024",3),"Mei",EOMONTH("01/01/2024",4),"Juni",EOMONTH("01/01/2024",5),"Juli",EOMONTH("01/01/2024",6),"Agustus",EOMONTH("01/01/2024",7),"September",EOMONTH("01/01/2024",8),"Oktober",EOMONTH("01/01/2024",9),"November",EOMONTH("01/01/2024",10),"Desember",EOMONTH("01/01/2024",11)),M12) -> 45672 | X12: =VLOOKUP(CONCATENATE(C12,D12),'Honor 2025'!A:D,4,FALSE) -> 2718000
A13: =U13&"-"&COUNTIF(U$2:U13,U13) -> Reini Clara PaulusJanuari-2 | B13: =CONCATENATE(F13,D13,E13) -> Farhan, S.Tr.Stat.JanuariSurvei STKU | C13: Reini Clara Paulus | D13: Januari | E13: Survei STKU | F13: Farhan, S.Tr.Stat. | G13: 462000 | H13: 66000 | I13: Dok | J13: 7 | K13: 2902.BMA.004.005.A.524113 | L13: 45659 | M13: 45672 | N13: =_xludf.IFNA(IF(X13>3530000,3530000-X13,""),"") -> #NAME? | R13: {=VLOOKUP(C13,DB!A:D,2,FALSE)} -> Jalan Teluk Tomini No. 170 | S13: {=VLOOKUP(C13,DB!A:D,3,FALSE)} -> reinizalora@gmail.com | T13: CARA MEMILIH TANGGAL DENGAN KLIK 2 KALI PADA CELL | U13: =CONCATENATE(C13,D13) -> Reini Clara PaulusJanuari | V13: =IF(M13="",_xludf.SWITCH(D13,"Januari",EOMONTH("01/01/2024",0),"Februari",EOMONTH("01/01/2024",1),"Maret",EOMONTH("01/01/2024",2),"April",EOMONTH("01/01/2024",3),"Mei",EOMONTH("01/01/2024",4),"Juni",EOMONTH("01/01/2024",5),"Juli",EOMONTH("01/01/2024",6),"Agustus",EOMONTH("01/01/2024",7),"September",EOMONTH("01/01/2024",8),"Oktober",EOMONTH("01/01/2024",9),"November",EOMONTH("01/01/2024",10),"Desember",EOMONTH("01/01/2024",11)),M13) -> 45672 | X13: =VLOOKUP(CONCATENATE(C13,D13),'Honor 2025'!A:D,4,FALSE) -> 3426000
A14: =U14&"-"&COUNTIF(U$2:U14,U14) -> Adriana TandajuJanuari-1 | B14: =CONCATENATE(F14,D14,E14) -> Vini Cristin, S.Tr.Stat.JanuariSurvei Harga Konsumen (HK 1.1 Pasar) | C14: Adriana Tandaju | D14: Januari | E14: Survei Harga Konsumen (HK 1.1 Pasar) | F14: Vini Cristin, S.Tr.Stat. | G14: =H14*J14 -> 225000 | H14: 45000 | I14: Dok | J14: 5 | K14: 2903.QMA.006.005.A.521213 | L14: 45663 | M14: 45678 | N14: =_xludf.IFNA(IF(X14>3530000,3530000-X14,""),"") -> #NAME? | R14: {=VLOOKUP(C14,DB!A:D,2,FALSE)} -> JL.PRAMUKA NO.29 | S14: {=VLOOKUP(C14,DB!A:D,3,FALSE)} -> annetandayu553@gmail.com | T14: CARA MEMILIH TANGGAL DENGAN KLIK 2 KALI PADA CELL | U14: =CONCATENATE(C14,D14) -> Adriana TandajuJanuari | V14: =IF(M14="",_xludf.SWITCH(D14,"Januari",EOMONTH("01/01/2024",0),"Februari",EOMONTH("01/01/2024",1),"Maret",EOMONTH("01/01/2024",2),"April",EOMONTH("01/01/2024",3),"Mei",EOMONTH("01/01/2024",4),"Juni",EOMONTH("01/01/2024",5),"Juli",EOMONTH("01/01/2024",6),"Agustus",EOMONTH("01/01/2024",7),"September",EOMONTH("01/01/2024",8),"Oktober",EOMONTH("01/01/2024",9),"November",EOMONTH("01/01/2024",10),"Desember",EOMONTH("01/01/2024",11)),M14) -> 45678 | X14: =VLOOKUP(CONCATENATE(C14,D14),'Honor 2025'!A:D,4,FALSE) -> 1949000
A15: =U15&"-"&COUNTIF(U$2:U15,U15) -> Adriana TandajuJanuari-2 | B15: =CONCATENATE(F15,D15,E15) -> Vini Cristin, S.Tr.Stat.JanuariSurvei Harga Konsumen (HK 1.2 Pasar) | C15: Adriana Tandaju | D15: Januari | E15: Survei Harga Konsumen (HK 1.2 Pasar) | F15: Vini Cristin, S.Tr.Stat. | G15: =H15*J15 -> 106000 | H15: 53000 | I15: Dok | J15: 2 | K15: 2903.QMA.006.005.A.521213 | L15: 45665 | M15: 45680 | N15: =_xludf.IFNA(IF(X15>3530000,3530000-X15,""),"") -> #NAME? | R15: {=VLOOKUP(C15,DB!A:D,2,FALSE)} -> JL.PRAMUKA NO.29 | S15: {=VLOOKUP(C15,DB!A:D,3,FALSE)} -> annetandayu553@gmail.com | T15: CARA MEMILIH TANGGAL DENGAN KLIK 2 KALI PADA CELL | U15: =CONCATENATE(C15,D15) -> Adriana TandajuJanuari | V15: =IF(M15="",_xludf.SWITCH(D15,"Januari",EOMONTH("01/01/2024",0),"Februari",EOMONTH("01/01/2024",1),"Maret",EOMONTH("01/01/2024",2),"April",EOMONTH("01/01/2024",3),"Mei",EOMONTH("01/01/2024",4),"Juni",EOMONTH("01/01/2024",5),"Juli",EOMONTH("01/01/2024",6),"Agustus",EOMONTH("01/01/2024",7),"September",EOMONTH("01/01/2024",8),"Oktober",EOMONTH("01/01/2024",9),"November",EOMONTH("01/01/2024",10),"Desember",EOMONTH("01/01/2024",11)),M15) -> 45680 | X15: =VLOOKUP(CONCATENATE(C15,D15),'Honor 2025'!A:D,4,FALSE) -> 1949000
A16: =U16&"-"&COUNTIF(U$2:U16,U16) -> Adriana TandajuJanuari-3 | B16: =CONCATENATE(F16,D16,E16) -> Vini Cristin, S.Tr.Stat.JanuariSurvei Harga Konsumen (HK 2.1 Pasar) | C16: Adriana Tandaju | D16: Januari | E16: Survei Harga Konsumen (HK 2.1 Pasar) | F16: Vini Cristin, S.Tr.Stat. | G16: =H16*J16 -> 86000 | H16: 86000 | I16: Dok | J16: 1 | K16: 2903.QMA.006.005.A.521213 | L16: 45671 | M16: 45673 | N16: =_xludf.IFNA(IF(X16>3530000,3530000-X16,""),"") -> #NAME? | R16: {=VLOOKUP(C16,DB!A:D,2,FALSE)} -> JL.PRAMUKA NO.29 | S16: {=VLOOKUP(C16,DB!A:D,3,FALSE)} -> annetandayu553@gmail.com | T16: CARA MEMILIH TANGGAL DENGAN KLIK 2 KALI PADA CELL | U16: =CONCATENATE(C16,D16) -> Adriana TandajuJanuari | V16: =IF(M16="",_xludf.SWITCH(D16,"Januari",EOMONTH("01/01/2024",0),"Februari",EOMONTH("01/01/2024",1),"Maret",EOMONTH("01/01/2024",2),"April",EOMONTH("01/01/2024",3),"Mei",EOMONTH("01/01/2024",4),"Juni",EOMONTH("01/01/2024",5),"Juli",EOMONTH("01/01/2024",6),"Agustus",EOMONTH("01/01/2024",7),"September",EOMONTH("01/01/2024",8),"Oktober",EOMONTH("01/01/2024",9),"November",EOMONTH("01/01/2024",10),"Desember",EOMONTH("01/01/2024",11)),M16) -> 45673 | X16: =VLOOKUP(CONCATENATE(C16,D16),'Honor 2025'!A:D,4,FALSE) -> 1949000
A17: =U17&"-"&COUNTIF(U$2:U17,U17) -> Adriana TandajuJanuari-4 | B17: =CONCATENATE(F17,D17,E17) -> Vini Cristin, S.Tr.Stat.JanuariSurvei Harga Konsumen (HK 2.2 Pasar) | C17: Adriana Tandaju | D17: Januari | E17: Survei Harga Konsumen (HK 2.2 Pasar) | F17: Vini Cristin, S.Tr.Stat. | G17: =H17*J17 -> 92000 | H17: 92000 | I17: Dok | J17: 1 | K17: 2903.QMA.006.005.A.521213 | L17: 45662 | M17: 45672 | N17: =_xludf.IFNA(IF(X17>3530000,3530000-X17,""),"") -> #NAME? | R17: {=VLOOKUP(C17,DB!A:D,2,FALSE)} -> JL.PRAMUKA NO.29 | S17: {=VLOOKUP(C17,DB!A:D,3,FALSE)} -> annetandayu553@gmail.com | T17: CARA MEMILIH TANGGAL DENGAN KLIK 2 KALI PADA CELL | U17: =CONCATENATE(C17,D17) -> Adriana TandajuJanuari | V17: =IF(M17="",_xludf.SWITCH(D17,"Januari",EOMONTH("01/01/2024",0),"Februari",EOMONTH("01/01/2024",1),"Maret",EOMONTH("01/01/2024",2),"April",EOMONTH("01/01/2024",3),"Mei",EOMONTH("01/01/2024",4),"Juni",EOMONTH("01/01/2024",5),"Juli",EOMONTH("01/01/2024",6),"Agustus",EOMONTH("01/01/2024",7),"September",EOMONTH("01/01/2024",8),"Oktober",EOMONTH("01/01/2024",9),"November",EOMONTH("01/01/2024",10),"Desember",EOMONTH("01/01/2024",11)),M17) -> 45672 | X17: =VLOOKUP(CONCATENATE(C17,D17),'Honor 2025'!A:D,4,FALSE) -> 1949000
A18: =U18&"-"&COUNTIF(U$2:U18,U18) -> Adriana TandajuJanuari-5 | B18: =CONCATENATE(F18,D18,E18) -> Vini Cristin, S.Tr.Stat.JanuariSurvei Harga Konsumen (HK 4, 5, 6) | C18: Adriana Tandaju | D18: Januari | E18: Survei Harga Konsumen (HK 4, 5, 6) | F18: Vini Cristin, S.Tr.Stat. | G18: =H18*J18 -> 672000 | H18: 48000 | I18: Dok | J18: 14 | K18: 2903.QMA.006.005.A.521213 | L18: 45659 | M18: 45667 | N18: =_xludf.IFNA(IF(X18>3530000,3530000-X18,""),"") -> #NAME? | R18: {=VLOOKUP(C18,DB!A:D,2,FALSE)} -> JL.PRAMUKA NO.29 | S18: {=VLOOKUP(C18,DB!A:D,3,FALSE)} -> annetandayu553@gmail.com | T18: CARA MEMILIH TANGGAL DENGAN KLIK 2 KALI PADA CELL | U18: =CONCATENATE(C18,D18) -> Adriana TandajuJanuari | V18: =IF(M18="",_xludf.SWITCH(D18,"Januari",EOMONTH("01/01/2024",0),"Februari",EOMONTH("01/01/2024",1),"Maret",EOMONTH("01/01/2024",2),"April",EOMONTH("01/01/2024",3),"Mei",EOMONTH("01/01/2024",4),"Juni",EOMONTH("01/01/2024",5),"Juli",EOMONTH("01/01/2024",6),"Agustus",EOMONTH("01/01/2024",7),"September",EOMONTH("01/01/2024",8),"Oktober",EOMONTH("01/01/2024",9),"November",EOMONTH("01/01/2024",10),"Desember",EOMONTH("01/01/2024",11)),M18) -> 45667 | X18: =VLOOKUP(CONCATENATE(C18,D18),'Honor 2025'!A:D,4,FALSE) -> 1949000
A19: =U19&"-"&COUNTIF(U$2:U19,U19) -> Stephen christiani kenteyJanuari-1 | B19: =CONCATENATE(F19,D19,E19) -> Vini Cristin, S.Tr.Stat.JanuariSurvei Harga Konsumen (HK 1.1 Pasar) | C19: Stephen christiani kentey | D19: Januari | E19: Survei Harga Konsumen (HK 1.1 Pasar) | F19: Vini Cristin, S.Tr.Stat. | G19: =H19*J19 -> 225000 | H19: 45000 | I19: Dok | J19: 5 | K19: 2903.QMA.006.005.A.521213 | L19: 45663 | M19: 45678 | N19: =_xludf.IFNA(IF(X19>3530000,3530000-X19,""),"") -> #NAME? | R19: {=VLOOKUP(C19,DB!A:D,2,FALSE)} -> Ranotana weru lingkungan 5 | S19: {=VLOOKUP(C19,DB!A:D,3,FALSE)} -> Stephenkentey@gmail.com | T19: CARA MEMILIH TANGGAL DENGAN KLIK 2 KALI PADA CELL | U19: =CONCATENATE(C19,D19) -> Stephen christiani kenteyJanuari | V19: =IF(M19="",_xludf.SWITCH(D19,"Januari",EOMONTH("01/01/2024",0),"Februari",EOMONTH("01/01/2024",1),"Maret",EOMONTH("01/01/2024",2),"April",EOMONTH("01/01/2024",3),"Mei",EOMONTH("01/01/2024",4),"Juni",EOMONTH("01/01/2024",5),"Juli",EOMONTH("01/01/2024",6),"Agustus",EOMONTH("01/01/2024",7),"September",EOMONTH("01/01/2024",8),"Oktober",EOMONTH("01/01/2024",9),"November",EOMONTH("01/01/2024",10),"Desember",EOMONTH("01/01/2024",11)),M19) -> 45678 | X19: =VLOOKUP(CONCATENATE(C19,D19),'Honor 2025'!A:D,4,FALSE) -> 1329000
A20: =U20&"-"&COUNTIF(U$2:U20,U20) -> Stephen christiani kenteyJanuari-2 | B20: =CONCATENATE(F20,D20,E20) -> Vini Cristin, S.Tr.Stat.JanuariSurvei Harga Konsumen (HK 1.2 Pasar) | C20: Stephen christiani kentey | D20: Januari | E20: Survei Harga Konsumen (HK 1.2 Pasar) | F20: Vini Cristin, S.Tr.Stat. | G20: =H20*J20 -> 106000 | H20: 53000 | I20: Dok | J20: 2 | K20: 2903.QMA.006.005.A.521213 | L20: 45665 | M20: 45680 | N20: =_xludf.IFNA(IF(X20>3530000,3530000-X20,""),"") -> #NAME? | R20: {=VLOOKUP(C20,DB!A:D,2,FALSE)} -> Ranotana weru lingkungan 5 | S20: {=VLOOKUP(C20,DB!A:D,3,FALSE)} -> Stephenkentey@gmail.com | T20: CARA MEMILIH TANGGAL DENGAN KLIK 2 KALI PADA CELL | U20: =CONCATENATE(C20,D20) -> Stephen christiani kenteyJanuari | V20: =IF(M20="",_xludf.SWITCH(D20,"Januari",EOMONTH("01/01/2024",0),"Februari",EOMONTH("01/01/2024",1),"Maret",EOMONTH("01/01/2024",2),"April",EOMONTH("01/01/2024",3),"Mei",EOMONTH("01/01/2024",4),"Juni",EOMONTH("01/01/2024",5),"Juli",EOMONTH("01/01/2024",6),"Agustus",EOMONTH("01/01/2024",7),"September",EOMONTH("01/01/2024",8),"Oktober",EOMONTH("01/01/2024",9),"November",EOMONTH("01/01/2024",10),"Desember",EOMONTH("01/01/2024",11)),M20) -> 45680 | X20: =VLOOKUP(CONCATENATE(C20,D20),'Honor 2025'!A:D,4,FALSE) -> 1329000
A21: =U21&"-"&COUNTIF(U$2:U21,U21) -> Stephen christiani kenteyJanuari-3 | B21: =CONCATENATE(F21,D21,E21) -> Vini Cristin, S.Tr.Stat.JanuariSurvei Harga Konsumen (HK 2.1 Pasar) | C21: Stephen christiani kentey | D21: Januari | E21: Survei Harga Konsumen (HK 2.1 Pasar) | F21: Vini Cristin, S.Tr.Stat. | G21: =H21*J21 -> 86000 | H21: 86000 | I21: Dok | J21: 1 | K21: 2903.QMA.006.005.A.521213 | L21: 45671 | M21: 45673 | N21: =_xludf.IFNA(IF(X21>3530000,3530000-X21,""),"") -> #NAME? | R21: {=VLOOKUP(C21,DB!A:D,2,FALSE)} -> Ranotana weru lingkungan 5 | S21: {=VLOOKUP(C21,DB!A:D,3,FALSE)} -> Stephenkentey@gmail.com | T21: CARA MEMILIH TANGGAL DENGAN KLIK 2 KALI PADA CELL | U21: =CONCATENATE(C21,D21) -> Stephen christiani kenteyJanuari | V21: =IF(M21="",_xludf.SWITCH(D21,"Januari",EOMONTH("01/01/2024",0),"Februari",EOMONTH("01/01/2024",1),"Maret",EOMONTH("01/01/2024",2),"April",EOMONTH("01/01/2024",3),"Mei",EOMONTH("01/01/2024",4),"Juni",EOMONTH("01/01/2024",5),"Juli",EOMONTH("01/01/2024",6),"Agustus",EOMONTH("01/01/2024",7),"September",EOMONTH("01/01/2024",8),"Oktober",EOMONTH("01/01/2024",9),"November",EOMONTH("01/01/2024",10),"Desember",EOMONTH("01/01/2024",11)),M21) -> 45673 | X21: =VLOOKUP(CONCATENATE(C21,D21),'Honor 2025'!A:D,4,FALSE) -> 1329000
A22: =U22&"-"&COUNTIF(U$2:U22,U22) -> Stephen christiani kenteyJanuari-4 | B22: =CONCATENATE(F22,D22,E22) -> Vini Cristin, S.Tr.Stat.JanuariSurvei Harga Konsumen (HK 4, 5, 6) | C22: Stephen christiani kentey | D22: Januari | E22: Survei Harga Konsumen (HK 4, 5, 6) | F22: Vini Cristin, S.Tr.Stat. | G22: =H22*J22 -> 672000 | H22: 48000 | I22: Dok | J22: 14 | K22: 2903.QMA.006.005.A.521213 | L22: 45659 | M22: 45667 | N22: =_xludf.IFNA(IF(X22>3530000,3530000-X22,""),"") -> #NAME? | R22: {=VLOOKUP(C22,DB!A:D,2,FALSE)} -> Ranotana weru lingkungan 5 | S22: {=VLOOKUP(C22,DB!A:D,3,FALSE)} -> Stephenkentey@gmail.com | T22: CARA MEMILIH TANGGAL DENGAN KLIK 2 KALI PADA CELL | U22: =CONCATENATE(C22,D22) -> Stephen christiani kenteyJanuari | V22: =IF(M22="",_xludf.SWITCH(D22,"Januari",EOMONTH("01/01/2024",0),"Februari",EOMONTH("01/01/2024",1),"Maret",EOMONTH("01/01/2024",2),"April",EOMONTH("01/01/2024",3),"Mei",EOMONTH("01/01/2024",4),"Juni",EOMONTH("01/01/2024",5),"Juli",EOMONTH("01/01/2024",6),"Agustus",EOMONTH("01/01/2024",7),"September",EOMONTH("01/01/2024",8),"Oktober",EOMONTH("01/01/2024",9),"November",EOMONTH("01/01/2024",10),"Desember",EOMONTH("01/01/2024",11)),M22) -> 45667 | X22: =VLOOKUP(CONCATENATE(C22,D22),'Honor 2025'!A:D,4,FALSE) -> 1329000
A23: =U23&"-"&COUNTIF(U$2:U23,U23) -> Roy MakalewJanuari-1 | B23: =CONCATENATE(F23,D23,E23) -> Vini Cristin, S.Tr.Stat.JanuariSurvei Harga Konsumen (HK 1.1 Pasar) | C23: Roy Makalew | D23: Januari | E23: Survei Harga Konsumen (HK 1.1 Pasar) | F23: Vini Cristin, S.Tr.Stat. | G23: =H23*J23 -> 225000 | H23: 45000 | I23: Dok | J23: 5 | K23: 2903.QMA.006.005.A.521213 | L23: 45663 | M23: 45678 | N23: =_xludf.IFNA(IF(X23>3530000,3530000-X23,""),"") -> #NAME? | R23: {=VLOOKUP(C23,DB!A:D,2,FALSE)} -> Jalan Kleak 77, no 58 | S23: {=VLOOKUP(C23,DB!A:D,3,FALSE)} -> roymakalew2511@gmail.com | T23: CARA MEMILIH TANGGAL DENGAN KLIK 2 KALI PADA CELL | U23: =CONCATENATE(C23,D23) -> Roy MakalewJanuari | V23: =IF(M23="",_xludf.SWITCH(D23,"Januari",EOMONTH("01/01/2024",0),"Februari",EOMONTH("01/01/2024",1),"Maret",EOMONTH("01/01/2024",2),"April",EOMONTH("01/01/2024",3),"Mei",EOMONTH("01/01/2024",4),"Juni",EOMONTH("01/01/2024",5),"Juli",EOMONTH("01/01/2024",6),"Agustus",EOMONTH("01/01/2024",7),"September",EOMONTH("01/01/2024",8),"Oktober",EOMONTH("01/01/2024",9),"November",EOMONTH("01/01/2024",10),"Desember",EOMONTH("01/01/2024",11)),M23) -> 45678 | X23: =VLOOKUP(CONCATENATE(C23,D23),'Honor 2025'!A:D,4,FALSE) -> 1392000
A24: =U24&"-"&COUNTIF(U$2:U24,U24) -> Roy MakalewJanuari-2 | B24: =CONCATENATE(F24,D24,E24) -> Vini Cristin, S.Tr.Stat.JanuariSurvei Harga Konsumen (HK 1.2 Pasar) | C24: Roy Makalew | D24: Januari | E24: Survei Harga Konsumen (HK 1.2 Pasar) | F24: Vini Cristin, S.Tr.Stat. | G24: =H24*J24 -> 106000 | H24: 53000 | I24: Dok | J24: 2 | K24: 2903.QMA.006.005.A.521213 | L24: 45665 | M24: 45680 | N24: =_xludf.IFNA(IF(X24>3530000,3530000-X24,""),"") -> #NAME? | R24: {=VLOOKUP(C24,DB!A:D,2,FALSE)} -> Jalan Kleak 77, no 58 | S24: {=VLOOKUP(C24,DB!A:D,3,FALSE)} -> roymakalew2511@gmail.com | T24: CARA MEMILIH TANGGAL DENGAN KLIK 2 KALI PADA CELL | U24: =CONCATENATE(C24,D24) -> Roy MakalewJanuari | V24: =IF(M24="",_xludf.SWITCH(D24,"Januari",EOMONTH("01/01/2024",0),"Februari",EOMONTH("01/01/2024",1),"Maret",EOMONTH("01/01/2024",2),"April",EOMONTH("01/01/2024",3),"Mei",EOMONTH("01/01/2024",4),"Juni",EOMONTH("01/01/2024",5),"Juli",EOMONTH("01/01/2024",6),"Agustus",EOMONTH("01/01/2024",7),"September",EOMONTH("01/01/2024",8),"Oktober",EOMONTH("01/01/2024",9),"November",EOMONTH("01/01/2024",10),"Desember",EOMONTH("01/01/2024",11)),M24) -> 45680 | X24: =VLOOKUP(CONCATENATE(C24,D24),'Honor 2025'!A:D,4,FALSE) -> 1392000
A25: =U25&"-"&COUNTIF(U$2:U25,U25) -> Roy MakalewJanuari-3 | B25: =CONCATENATE(F25,D25,E25) -> Vini Cristin, S.Tr.Stat.JanuariSurvei Harga Konsumen (HK 2.2 Pasar) | C25: Roy Makalew | D25: Januari | E25: Survei Harga Konsumen (HK 2.2 Pasar) | F25: Vini Cristin, S.Tr.Stat. | G25: =H25*J25 -> 92000 | H25: 92000 | I25: Dok | J25: 1 | K25: 2903.QMA.006.005.A.521213 | L25: 45662 | M25: 45672 | N25: =_xludf.IFNA(IF(X25>3530000,3530000-X25,""),"") -> #NAME? | R25: {=VLOOKUP(C25,DB!A:D,2,FALSE)} -> Jalan Kleak 77, no 58 | S25: {=VLOOKUP(C25,DB!A:D,3,FALSE)} -> roymakalew2511@gmail.com | T25: CARA MEMILIH TANGGAL DENGAN KLIK 2 KALI PADA CELL | U25: =CONCATENATE(C25,D25) -> Roy MakalewJanuari | V25: =IF(M25="",_xludf.SWITCH(D25,"Januari",EOMONTH("01/01/2024",0),"Februari",EOMONTH("01/01/2024",1),"Maret",EOMONTH("01/01/2024",2),"April",EOMONTH("01/01/2024",3),"Mei",EOMONTH("01/01/2024",4),"Juni",EOMONTH("01/01/2024",5),"Juli",EOMONTH("01/01/2024",6),"Agustus",EOMONTH("01/01/2024",7),"September",EOMONTH("01/01/2024",8),"Oktober",EOMONTH("01/01/2024",9),"November",EOMONTH("01/01/2024",10),"Desember",EOMONTH("01/01/2024",11)),M25) -> 45672 | X25: =VLOOKUP(CONCATENATE(C25,D25),'Honor 2025'!A:D,4,FALSE) -> 1392000
... A91: =U91&"-"&COUNTIF(U$2:U91,U91) -> JOVELIE E WOKASJanuari-4 | B91: =CONCATENATE(F91,D91,E91) -> Fadila Ahmad, S.Tr.Stat.JanuariSurvei Harga Perdagangan Besar Bulanan | C91: JOVELIE E WOKAS | D91: Januari | E91: Survei Harga Perdagangan Besar Bulanan | F91: Fadila Ahmad, S.Tr.Stat. | G91: =H91*J91 -> 192000 | H91: 48000 | I91: Dok | J91: 4 | K91: 2903.BMA.009.005.A.521213 | L91: 45659 | M91: 45677 | N91: =_xludf.IFNA(IF(X91>3530000,3530000-X91,""),"") -> #NAME? | R91: {=VLOOKUP(C91,DB!A:D,2,FALSE)} -> Malalayang Satu Lingkungan 6 | S91: {=VLOOKUP(C91,DB!A:D,3,FALSE)} -> vhellywokas07@gmail.com | T91: CARA MEMILIH TANGGAL DENGAN KLIK 2 KALI PADA CELL | U91: =CONCATENATE(C91,D91) -> JOVELIE E WOKASJanuari | V91: =IF(M91="",_xludf.SWITCH(D91,"Januari",EOMONTH("01/01/2024",0),"Februari",EOMONTH("01/01/2024",1),"Maret",EOMONTH("01/01/2024",2),"April",EOMONTH("01/01/2024",3),"Mei",EOMONTH("01/01/2024",4),"Juni",EOMONTH("01/01/2024",5),"Juli",EOMONTH("01/01/2024",6),"Agustus",EOMONTH("01/01/2024",7),"September",EOMONTH("01/01/2024",8),"Oktober",EOMONTH("01/01/2024",9),"November",EOMONTH("01/01/2024",10),"Desember",EOMONTH("01/01/2024",11)),M91) -> 45677 | X91: =VLOOKUP(CONCATENATE(C91,D91),'Honor 2025'!A:D,4,FALSE) -> 1530000
A92: =U92&"-"&COUNTIF(U$2:U92,U92) -> Farida TampangJanuari-5 | B92: =CONCATENATE(F92,D92,E92) -> Fadila Ahmad, S.Tr.Stat.JanuariSurvei Harga Perdagangan Besar Dwimingguan | C92: Farida Tampang | D92: Januari | E92: Survei Harga Perdagangan Besar Dwimingguan | F92: Fadila Ahmad, S.Tr.Stat. | G92: =H92*J92 -> 336000 | H92: 48000 | I92: Dok | J92: 7 | K92: #N/A | L92: 45659 | M92: 45677 | N92: =_xludf.IFNA(IF(X92>3530000,3530000-X92,""),"") -> #NAME? | R92: {=VLOOKUP(C92,DB!A:D,2,FALSE)} -> Perum Malalayang Permai Blok B Lingkungan 5 | S92: {=VLOOKUP(C92,DB!A:D,3,FALSE)} -> frydatampang30730@gmail.com | T92: CARA MEMILIH TANGGAL DENGAN KLIK 2 KALI PADA CELL | U92: =CONCATENATE(C92,D92) -> Farida TampangJanuari | V92: =IF(M92="",_xludf.SWITCH(D92,"Januari",EOMONTH("01/01/2024",0),"Februari",EOMONTH("01/01/2024",1),"Maret",EOMONTH("01/01/2024",2),"April",EOMONTH("01/01/2024",3),"Mei",EOMONTH("01/01/2024",4),"Juni",EOMONTH("01/01/2024",5),"Juli",EOMONTH("01/01/2024",6),"Agustus",EOMONTH("01/01/2024",7),"September",EOMONTH("01/01/2024",8),"Oktober",EOMONTH("01/01/2024",9),"November",EOMONTH("01/01/2024",10),"Desember",EOMONTH("01/01/2024",11)),M92) -> 45677 | X92: =VLOOKUP(CONCATENATE(C92,D92),'Honor 2025'!A:D,4,FALSE) -> 2718000
A93: =U93&"-"&COUNTIF(U$2:U93,U93) -> Reini Clara PaulusJanuari-6 | B93: =CONCATENATE(F93,D93,E93) -> Fadila Ahmad, S.Tr.Stat.JanuariSurvei Harga Perdagangan Besar Dwimingguan | C93: Reini Clara Paulus | D93: Januari | E93: Survei Harga Perdagangan Besar Dwimingguan | F93: Fadila Ahmad, S.Tr.Stat. | G93: =H93*J93 -> 336000 | H93: 48000 | I93: Dok | J93: 7 | K93: #N/A | L93: 45659 | M93: 45677 | N93: =_xludf.IFNA(IF(X93>3530000,3530000-X93,""),"") -> #NAME? | R93: {=VLOOKUP(C93,DB!A:D,2,FALSE)} -> Jalan Teluk Tomini No. 170 | S93: {=VLOOKUP(C93,DB!A:D,3,FALSE)} -> reinizalora@gmail.com | T93: CARA MEMILIH TANGGAL DENGAN KLIK 2 KALI PADA CELL | U93: =CONCATENATE(C93,D93) -> Reini Clara PaulusJanuari | V93: =IF(M93="",_xludf.SWITCH(D93,"Januari",EOMONTH("01/01/2024",0),"Februari",EOMONTH("01/01/2024",1),"Maret",EOMONTH("01/01/2024",2),"April",EOMONTH("01/01/2024",3),"Mei",EOMONTH("01/01/2024",4),"Juni",EOMONTH("01/01/2024",5),"Juli",EOMONTH("01/01/2024",6),"Agustus",EOMONTH("01/01/2024",7),"September",EOMONTH("01/01/2024",8),"Oktober",EOMONTH("01/01/2024",9),"November",EOMONTH("01/01/2024",10),"Desember",EOMONTH("01/01/2024",11)),M93) -> 45677 | X93: =VLOOKUP(CONCATENATE(C93,D93),'Honor 2025'!A:D,4,FALSE) -> 3426000
A94: =U94&"-"&COUNTIF(U$2:U94,U94) -> Rina ArnowoJanuari-5 | B94: =CONCATENATE(F94,D94,E94) -> Fadila Ahmad, S.Tr.Stat.JanuariSurvei Harga Perdagangan Besar Dwimingguan | C94: Rina Arnowo | D94: Januari | E94: Survei Harga Perdagangan Besar Dwimingguan | F94: Fadila Ahmad, S.Tr.Stat. | G94: =H94*J94 -> 480000 | H94: 48000 | I94: Dok | J94: 10 | K94: #N/A | L94: 45659 | M94: 45677 | N94: =_xludf.IFNA(IF(X94>3530000,3530000-X94,""),"") -> #NAME? | R94: {=VLOOKUP(C94,DB!A:D,2,FALSE)} -> Malalayang 1 timur | S94: {=VLOOKUP(C94,DB!A:D,3,FALSE)} -> rinaarnowo26@gmail.com | T94: CARA MEMILIH TANGGAL DENGAN KLIK 2 KALI PADA CELL | U94: =CONCATENATE(C94,D94) -> Rina ArnowoJanuari | V94: =IF(M94="",_xludf.SWITCH(D94,"Januari",EOMONTH("01/01/2024",0),"Februari",EOMONTH("01/01/2024",1),"Maret",EOMONTH("01/01/2024",2),"April",EOMONTH("01/01/2024",3),"Mei",EOMONTH("01/01/2024",4),"Juni",EOMONTH("01/01/2024",5),"Juli",EOMONTH("01/01/2024",6),"Agustus",EOMONTH("01/01/2024",7),"September",EOMONTH("01/01/2024",8),"Oktober",EOMONTH("01/01/2024",9),"November",EOMONTH("01/01/2024",10),"Desember",EOMONTH("01/01/2024",11)),M94) -> 45677 | X94: =VLOOKUP(CONCATENATE(C94,D94),'Honor 2025'!A:D,4,FALSE) -> 1893000
A95: =U95&"-"&COUNTIF(U$2:U95,U95) -> Adriana TandajuJanuari-7 | B95: =CONCATENATE(F95,D95,E95) -> Fadila Ahmad, S.Tr.Stat.JanuariSurvei Harga Perdagangan Besar Dwimingguan | C95: Adriana Tandaju | D95: Januari | E95: Survei Harga Perdagangan Besar Dwimingguan | F95: Fadila Ahmad, S.Tr.Stat. | G95: =H95*J95 -> 576000 | H95: 48000 | I95: Dok | J95: 12 | K95: #N/A | L95: 45659 | M95: 45677 | N95: =_xludf.IFNA(IF(X95>3530000,3530000-X95,""),"") -> #NAME? | R95: {=VLOOKUP(C95,DB!A:D,2,FALSE)} -> JL.PRAMUKA NO.29 | S95: {=VLOOKUP(C95,DB!A:D,3,FALSE)} -> annetandayu553@gmail.com | T95: CARA MEMILIH TANGGAL DENGAN KLIK 2 KALI PADA CELL | U95: =CONCATENATE(C95,D95) -> Adriana TandajuJanuari | V95: =IF(M95="",_xludf.SWITCH(D95,"Januari",EOMONTH("01/01/2024",0),"Februari",EOMONTH("01/01/2024",1),"Maret",EOMONTH("01/01/2024",2),"April",EOMONTH("01/01/2024",3),"Mei",EOMONTH("01/01/2024",4),"Juni",EOMONTH("01/01/2024",5),"Juli",EOMONTH("01/01/2024",6),"Agustus",EOMONTH("01/01/2024",7),"September",EOMONTH("01/01/2024",8),"Oktober",EOMONTH("01/01/2024",9),"November",EOMONTH("01/01/2024",10),"Desember",EOMONTH("01/01/2024",11)),M95) -> 45677 | X95: =VLOOKUP(CONCATENATE(C95,D95),'Honor 2025'!A:D,4,FALSE) -> 1949000
A96: =U96&"-"&COUNTIF(U$2:U96,U96) -> Stephen christiani kenteyJanuari-6 | B96: =CONCATENATE(F96,D96,E96) -> Fadila Ahmad, S.Tr.Stat.JanuariSurvei Harga Perdagangan Besar Dwimingguan | C96: Stephen christiani kentey | D96: Januari | E96: Survei Harga Perdagangan Besar Dwimingguan | F96: Fadila Ahmad, S.Tr.Stat. | G96: =H96*J96 -> 144000 | H96: 48000 | I96: Dok | J96: 3 | K96: #N/A | L96: 45659 | M96: 45677 | N96: =_xludf.IFNA(IF(X96>3530000,3530000-X96,""),"") -> #NAME? | R96: {=VLOOKUP(C96,DB!A:D,2,FALSE)} -> Ranotana weru lingkungan 5 | S96: {=VLOOKUP(C96,DB!A:D,3,FALSE)} -> Stephenkentey@gmail.com | T96: CARA MEMILIH TANGGAL DENGAN KLIK 2 KALI PADA CELL | U96: =CONCATENATE(C96,D96) -> Stephen christiani kenteyJanuari | V96: =IF(M96="",_xludf.SWITCH(D96,"Januari",EOMONTH("01/01/2024",0),"Februari",EOMONTH("01/01/2024",1),"Maret",EOMONTH("01/01/2024",2),"April",EOMONTH("01/01/2024",3),"Mei",EOMONTH("01/01/2024",4),"Juni",EOMONTH("01/01/2024",5),"Juli",EOMONTH("01/01/2024",6),"Agustus",EOMONTH("01/01/2024",7),"September",EOMONTH("01/01/2024",8),"Oktober",EOMONTH("01/01/2024",9),"November",EOMONTH("01/01/2024",10),"Desember",EOMONTH("01/01/2024",11)),M96) -> 45677 | X96: =VLOOKUP(CONCATENATE(C96,D96),'Honor 2025'!A:D,4,FALSE) -> 1329000
A97: =U97&"-"&COUNTIF(U$2:U97,U97) -> Heny RumambiJanuari-8 | B97: =CONCATENATE(F97,D97,E97) -> Fadila Ahmad, S.Tr.Stat.JanuariSurvei Harga Perdagangan Besar Dwimingguan | C97: Heny Rumambi | D97: Januari | E97: Survei Harga Perdagangan Besar Dwimingguan | F97: Fadila Ahmad, S.Tr.Stat. | G97: =H97*J97 -> 96000 | H97: 48000 | I97: Dok | J97: 2 | K97: #N/A | L97: 45659 | M97: 45677 | N97: =_xludf.IFNA(IF(X97>3530000,3530000-X97,""),"") -> #NAME? | R97: {=VLOOKUP(C97,DB!A:D,2,FALSE)} -> Jl. Ringkeng BTN Puskopad blok C No. 49A | S97: {=VLOOKUP(C97,DB!A:D,3,FALSE)} -> henyrumambi@gmail.com | T97: CARA MEMILIH TANGGAL DENGAN KLIK 2 KALI PADA CELL | U97: =CONCATENATE(C97,D97) -> Heny RumambiJanuari | V97: =IF(M97="",_xludf.SWITCH(D97,"Januari",EOMONTH("01/01/2024",0),"Februari",EOMONTH("01/01/2024",1),"Maret",EOMONTH("01/01/2024",2),"April",EOMONTH("01/01/2024",3),"Mei",EOMONTH("01/01/2024",4),"Juni",EOMONTH("01/01/2024",5),"Juli",EOMONTH("01/01/2024",6),"Agustus",EOMONTH("01/01/2024",7),"September",EOMONTH("01/01/2024",8),"Oktober",EOMONTH("01/01/2024",9),"November",EOMONTH("01/01/2024",10),"Desember",EOMONTH("01/01/2024",11)),M97) -> 45677 | X97: =VLOOKUP(CONCATENATE(C97,D97),'Honor 2025'!A:D,4,FALSE) -> 1525000
A98: =U98&"-"&COUNTIF(U$2:U98,U98) -> JOVELIE E WOKASJanuari-5 | B98: =CONCATENATE(F98,D98,E98) -> Fadila Ahmad, S.Tr.Stat.JanuariSurvei Harga Perdagangan Besar Dwimingguan | C98: JOVELIE E WOKAS | D98: Januari | E98: Survei Harga Perdagangan Besar Dwimingguan | F98: Fadila Ahmad, S.Tr.Stat. | G98: =H98*J98 -> 48000 | H98: 48000 | I98: Dok | J98: 1 | K98: #N/A | L98: 45659 | M98: 45677 | N98: =_xludf.IFNA(IF(X98>3530000,3530000-X98,""),"") -> #NAME? | R98: {=VLOOKUP(C98,DB!A:D,2,FALSE)} -> Malalayang Satu Lingkungan 6 | S98: {=VLOOKUP(C98,DB!A:D,3,FALSE)} -> vhellywokas07@gmail.com | T98: CARA MEMILIH TANGGAL DENGAN KLIK 2 KALI PADA CELL | U98: =CONCATENATE(C98,D98) -> JOVELIE E WOKASJanuari | V98: =IF(M98="",_xludf.SWITCH(D98,"Januari",EOMONTH("01/01/2024",0),"Februari",EOMONTH("01/01/2024",1),"Maret",EOMONTH("01/01/2024",2),"April",EOMONTH("01/01/2024",3),"Mei",EOMONTH("01/01/2024",4),"Juni",EOMONTH("01/01/2024",5),"Juli",EOMONTH("01/01/2024",6),"Agustus",EOMONTH("01/01/2024",7),"September",EOMONTH("01/01/2024",8),"Oktober",EOMONTH("01/01/2024",9),"November",EOMONTH("01/01/2024",10),"Desember",EOMONTH("01/01/2024",11)),M98) -> 45677 | X98: =VLOOKUP(CONCATENATE(C98,D98),'Honor 2025'!A:D,4,FALSE) -> 1530000
A99: =U99&"-"&COUNTIF(U$2:U99,U99) -> Roy MakalewJanuari-7 | B99: =CONCATENATE(F99,D99,E99) -> Fadila Ahmad, S.Tr.Stat.JanuariSurvei Harga Perdagangan Besar Dwimingguan | C99: Roy Makalew | D99: Januari | E99: Survei Harga Perdagangan Besar Dwimingguan | F99: Fadila Ahmad, S.Tr.Stat. | G99: =H99*J99 -> 144000 | H99: 48000 | I99: Dok | J99: 3 | K99: #N/A | L99: 45659 | M99: 45677 | N99: =_xludf.IFNA(IF(X99>3530000,3530000-X99,""),"") -> #NAME? | R99: {=VLOOKUP(C99,DB!A:D,2,FALSE)} -> Jalan Kleak 77, no 58 | S99: {=VLOOKUP(C99,DB!A:D,3,FALSE)} -> roymakalew2511@gmail.com | T99: CARA MEMILIH TANGGAL DENGAN KLIK 2 KALI PADA CELL | U99: =CONCATENATE(C99,D99) -> Roy MakalewJanuari | V99: =IF(M99="",_xludf.SWITCH(D99,"Januari",EOMONTH("01/01/2024",0),"Februari",EOMONTH("01/01/2024",1),"Maret",EOMONTH("01/01/2024",2),"April",EOMONTH("01/01/2024",3),"Mei",EOMONTH("01/01/2024",4),"Juni",EOMONTH("01/01/2024",5),"Juli",EOMONTH("01/01/2024",6),"Agustus",EOMONTH("01/01/2024",7),"September",EOMONTH("01/01/2024",8),"Oktober",EOMONTH("01/01/2024",9),"November",EOMONTH("01/01/2024",10),"Desember",EOMONTH("01/01/2024",11)),M99) -> 45677 | X99: =VLOOKUP(CONCATENATE(C99,D99),'Honor 2025'!A:D,4,FALSE) -> 1392000
A100: =U100&"-"&COUNTIF(U$2:U100,U100) -> Sri MulyawatiJanuari-7 | B100: =CONCATENATE(F100,D100,E100) -> Fadila Ahmad, S.Tr.Stat.JanuariSurvei Harga Perdagangan Besar Dwimingguan | C100: Sri Mulyawati | D100: Januari | E100: Survei Harga Perdagangan Besar Dwimingguan | F100: Fadila Ahmad, S.Tr.Stat. | G100: =H100*J100 -> 192000 | H100: 48000 | I100: Dok | J100: 4 | K100: #N/A | L100: 45659 | M100: 45677 | N100: =_xludf.IFNA(IF(X100>3530000,3530000-X100,""),"") -> #NAME? | R100: {=VLOOKUP(C100,DB!A:D,2,FALSE)} -> Jl Wiratama no 4 lingkungan 7 | S100: {=VLOOKUP(C100,DB!A:D,3,FALSE)} -> mulyawatisrie75@gmail.com | T100: CARA MEMILIH TANGGAL DENGAN KLIK 2 KALI PADA CELL | U100: =CONCATENATE(C100,D100) -> Sri MulyawatiJanuari | V100: =IF(M100="",_xludf.SWITCH(D100,"Januari",EOMONTH("01/01/2024",0),"Februari",EOMONTH("01/01/2024",1),"Maret",EOMONTH("01/01/2024",2),"April",EOMONTH("01/01/2024",3),"Mei",EOMONTH("01/01/2024",4),"Juni",EOMONTH("01/01/2024",5),"Juli",EOMONTH("01/01/2024",6),"Agustus",EOMONTH("01/01/2024",7),"September",EOMONTH("01/01/2024",8),"Oktober",EOMONTH("01/01/2024",9),"November",EOMONTH("01/01/2024",10),"Desember",EOMONTH("01/01/2024",11)),M100) -> 45677 | X100: =VLOOKUP(CONCATENATE(C100,D100),'Honor 2025'!A:D,4,FALSE) -> 2357000
A101: =U101&"-"&COUNTIF(U$2:U101,U101) -> Meri adelina kalaloJanuari-1 | B101: =CONCATENATE(F101,D101,E101) -> Kennedy UmadjiJanuariVIMK24 Triwulanan | C101: Meri adelina kalalo | D101: Januari | E101: VIMK24 Triwulanan | F101: Kennedy Umadji | G101: =H101*J101 -> 990000 | H101: 55000 | I101: Dok | J101: 18 | K101: 2904.BMA.006.005.A.524113 | L101: 45659 | M101: 45672 | N101: =_xludf.IFNA(IF(X101>3530000,3530000-X101,""),"") -> #NAME? | R101: {=VLOOKUP(C101,DB!A:D,2,FALSE)} -> Ranotana weru lingkungan 4 | S101: {=VLOOKUP(C101,DB!A:D,3,FALSE)} -> adelinakalalo73@gmail.com | T101: CARA MEMILIH TANGGAL DENGAN KLIK 2 KALI PADA CELL | U101: =CONCATENATE(C101,D101) -> Meri adelina kalaloJanuari | V101: =IF(M101="",_xludf.SWITCH(D101,"Januari",EOMONTH("01/01/2024",0),"Februari",EOMONTH("01/01/2024",1),"Maret",EOMONTH("01/01/2024",2),"April",EOMONTH("01/01/2024",3),"Mei",EOMONTH("01/01/2024",4),"Juni",EOMONTH("01/01/2024",5),"Juli",EOMONTH("01/01/2024",6),"Agustus",EOMONTH("01/01/2024",7),"September",EOMONTH("01/01/2024",8),"Oktober",EOMONTH("01/01/2024",9),"November",EOMONTH("01/01/2024",10),"Desember",EOMONTH("01/01/2024",11)),M101) -> 45672 | X101: =VLOOKUP(CONCATENATE(C101,D101),'Honor 2025'!A:D,4,FALSE) -> 990000
A102: =U102&"-"&COUNTIF(U$2:U102,U102) -> Javey Linda TambayongJanuari-1 | B102: =CONCATENATE(F102,D102,E102) -> Nik'mahJanuariVIMK24 Triwulanan | C102: Javey Linda Tambayong | D102: Januari | E102: VIMK24 Triwulanan | F102: Nik'mah | G102: =H102*J102 -> 605000 | H102: 55000 | I102: Dok | J102: 11 | K102: 2904.BMA.006.005.A.524113 | L102: 45659 | M102: 45672 | N102: =_xludf.IFNA(IF(X102>3530000,3530000-X102,""),"") -> #NAME? | R102: {=VLOOKUP(C102,DB!A:D,2,FALSE)} -> Lingkungan 5 Ranotana Weru Wanea Manado | S102: {=VLOOKUP(C102,DB!A:D,3,FALSE)} -> javeytambayong364@gmail.com | T102: CARA MEMILIH TANGGAL DENGAN KLIK 2 KALI PADA CELL | U102: =CONCATENATE(C102,D102) -> Javey Linda TambayongJanuari | V102: =IF(M102="",_xludf.SWITCH(D102,"Januari",EOMONTH("01/01/2024",0),"Februari",EOMONTH("01/01/2024",1),"Maret",EOMONTH("01/01/2024",2),"April",EOMONTH("01/01/2024",3),"Mei",EOMONTH("01/01/2024",4),"Juni",EOMONTH("01/01/2024",5),"Juli",EOMONTH("01/01/2024",6),"Agustus",EOMONTH("01/01/2024",7),"September",EOMONTH("01/01/2024",8),"Oktober",EOMONTH("01/01/2024",9),"November",EOMONTH("01/01/2024",10),"Desember",EOMONTH("01/01/2024",11)),M102) -> 45672 | X102: =VLOOKUP(CONCATENATE(C102,D102),'Honor 2025'!A:D,4,FALSE) -> 605000
A103: =U103&"-"&COUNTIF(U$2:U103,U103) -> Glendy Queen SupitJanuari-1 | B103: =CONCATENATE(F103,D103,E103) -> Kennedy UmadjiJanuariVIMK24 Triwulanan | C103: Glendy Queen Supit | D103: Januari | E103: VIMK24 Triwulanan | F103: Kennedy Umadji | G103: =H103*J103 -> 1210000 | H103: 55000 | I103: Dok | J103: 22 | K103: 2904.BMA.006.005.A.524113 | L103: 45659 | M103: 45672 | N103: =_xludf.IFNA(IF(X103>3530000,3530000-X103,""),"") -> #NAME? | R103: {=VLOOKUP(C103,DB!A:D,2,FALSE)} -> Bumi Nyiur Lk III | S103: {=VLOOKUP(C103,DB!A:D,3,FALSE)} -> glendyqueen1@gmail.com | T103: CARA MEMILIH TANGGAL DENGAN KLIK 2 KALI PADA CELL | U103: =CONCATENATE(C103,D103) -> Glendy Queen SupitJanuari | V103: =IF(M103="",_xludf.SWITCH(D103,"Januari",EOMONTH("01/01/2024",0),"Februari",EOMONTH("01/01/2024",1),"Maret",EOMONTH("01/01/2024",2),"April",EOMONTH("01/01/2024",3),"Mei",EOMONTH("01/01/2024",4),"Juni",EOMONTH("01/01/2024",5),"Juli",EOMONTH("01/01/2024",6),"Agustus",EOMONTH("01/01/2024",7),"September",EOMONTH("01/01/2024",8),"Oktober",EOMONTH("01/01/2024",9),"November",EOMONTH("01/01/2024",10),"Desember",EOMONTH("01/01/2024",11)),M103) -> 45672 | X103: =VLOOKUP(CONCATENATE(C103,D103),'Honor 2025'!A:D,4,FALSE) -> 1210000
A104: =U104&"-"&COUNTIF(U$2:U104,U104) -> AGUSTINTJE MAKAHANAPJanuari-1 | B104: =CONCATENATE(F104,D104,E104) -> Nik'mahJanuariVIMK24 Triwulanan | C104: AGUSTINTJE MAKAHANAP | D104: Januari | E104: VIMK24 Triwulanan | F104: Nik'mah | G104: =H104*J104 -> 1155000 | H104: 55000 | I104: Dok | J104: 21 | K104: 2904.BMA.006.005.A.524113 | L104: 45659 | M104: 45672 | N104: =_xludf.IFNA(IF(X104>3530000,3530000-X104,""),"") -> #NAME? | R104: {=VLOOKUP(C104,DB!A:D,2,FALSE)} -> Jalan gurita no 8 | S104: {=VLOOKUP(C104,DB!A:D,3,FALSE)} -> Agustintje17@gmail.com | T104: CARA MEMILIH TANGGAL DENGAN KLIK 2 KALI PADA CELL | U104: =CONCATENATE(C104,D104) -> AGUSTINTJE MAKAHANAPJanuari | V104: =IF(M104="",_xludf.SWITCH(D104,"Januari",EOMONTH("01/01/2024",0),"Februari",EOMONTH("01/01/2024",1),"Maret",EOMONTH("01/01/2024",2),"April",EOMONTH("01/01/2024",3),"Mei",EOMONTH("01/01/2024",4),"Juni",EOMONTH("01/01/2024",5),"Juli",EOMONTH("01/01/2024",6),"Agustus",EOMONTH("01/01/2024",7),"September",EOMONTH("01/01/2024",8),"Oktober",EOMONTH("01/01/2024",9),"November",EOMONTH("01/01/2024",10),"Desember",EOMONTH("01/01/2024",11)),M104) -> 45672 | X104: =VLOOKUP(CONCATENATE(C104,D104),'Honor 2025'!A:D,4,FALSE) -> 1155000
A105: =U105&"-"&COUNTIF(U$2:U105,U105) -> STEVI NOVITA WULAN RUMANGKANGJanuari-1 | B105: =CONCATENATE(F105,D105,E105) -> Deyvi Stella Rumangkang, S.E.JanuariSurvei Konstruksi Triwulanan (SKTR) | C105: STEVI NOVITA WULAN RUMANGKANG | D105: Januari | E105: Survei Konstruksi Triwulanan (SKTR) | F105: Deyvi Stella Rumangkang, S.E. | G105: =H105*J105 -> 385000 | H105: 55000 | I105: Dok | J105: 7 | K105: 2904.BMA.006.005.A.521213 | L105: 45659 | M105: 45672 | N105: =_xludf.IFNA(IF(X105>3530000,3530000-X105,""),"") -> #NAME? | R105: {=VLOOKUP(C105,DB!A:D,2,FALSE)} -> Jl Arie Lasut Perum Holly Lestari Blok F10 | S105: {=VLOOKUP(C105,DB!A:D,3,FALSE)} -> stevir89@gmail.com | T105: CARA MEMILIH TANGGAL DENGAN KLIK 2 KALI PADA CELL | U105: =CONCATENATE(C105,D105) -> STEVI NOVITA WULAN RUMANGKANGJanuari | V105: =IF(M105="",_xludf.SWITCH(D105,"Januari",EOMONTH("01/01/2024",0),"Februari",EOMONTH("01/01/2024",1),"Maret",EOMONTH("01/01/2024",2),"April",EOMONTH("01/01/2024",3),"Mei",EOMONTH("01/01/2024",4),"Juni",EOMONTH("01/01/2024",5),"Juli",EOMONTH("01/01/2024",6),"Agustus",EOMONTH("01/01/2024",7),"September",EOMONTH("01/01/2024",8),"Oktober",EOMONTH("01/01/2024",9),"November",EOMONTH("01/01/2024",10),"Desember",EOMONTH("01/01/2024",11)),M105) -> 45672 | X105: =VLOOKUP(CONCATENATE(C105,D105),'Honor 2025'!A:D,4,FALSE) -> 385000
A106: =U106&"-"&COUNTIF(U$2:U106,U106) -> Deasy Anita Novaleth MuajaJanuari-2 | B106: =CONCATENATE(F106,D106,E106) -> Ricky, A.MdJanuariSurvei Konstruksi Triwulanan (SKTR) | C106: Deasy Anita Novaleth Muaja | D106: Januari | E106: Survei Konstruksi Triwulanan (SKTR) | F106: Ricky, A.Md | G106: =H106*J106 -> 165000 | H106: 55000 | I106: Dok | J106: 3 | K106: 2904.BMA.006.005.A.521213 | L106: 45659 | M106: 45672 | N106: =_xludf.IFNA(IF(X106>3530000,3530000-X106,""),"") -> #NAME? | R106: {=VLOOKUP(C106,DB!A:D,2,FALSE)} -> Jalan Yos Sudarso Lingkungan 2 Kompleks Perumahan TNI AL | S106: {=VLOOKUP(C106,DB!A:D,3,FALSE)} -> deasymuaja@gmail.com | T106: CARA MEMILIH TANGGAL DENGAN KLIK 2 KALI PADA CELL | U106: =CONCATENATE(C106,D106) -> Deasy Anita Novaleth MuajaJanuari | V106: =IF(M106="",_xludf.SWITCH(D106,"Januari",EOMONTH("01/01/2024",0),"Februari",EOMONTH("01/01/2024",1),"Maret",EOMONTH("01/01/2024",2),"April",EOMONTH("01/01/2024",3),"Mei",EOMONTH("01/01/2024",4),"Juni",EOMONTH("01/01/2024",5),"Juli",EOMONTH("01/01/2024",6),"Agustus",EOMONTH("01/01/2024",7),"September",EOMONTH("01/01/2024",8),"Oktober",EOMONTH("01/01/2024",9),"November",EOMONTH("01/01/2024",10),"Desember",EOMONTH("01/01/2024",11)),M106) -> 45672 | X106: =VLOOKUP(CONCATENATE(C106,D106),'Honor 2025'!A:D,4,FALSE) -> 759000
A107: =U107&"-"&COUNTIF(U$2:U107,U107) -> Rina ArnowoJanuari-6 | B107: =CONCATENATE(F107,D107,E107) -> Vini Cristin, S.Tr.Stat.JanuariSurvei Harga Produsen Sektor Jasa (HPJ) | C107: Rina Arnowo | D107: Januari | E107: Survei Harga Produsen Sektor Jasa (HPJ) | F107: Vini Cristin, S.Tr.Stat. | G107: =H107*J107 -> 96000 | H107: 48000 | I107: Dok | J107: 2 | K107: 2903.BMA.009.005.A.521213 | L107: 45659 | M107: 45674 | N107: =_xludf.IFNA(IF(X107>3530000,3530000-X107,""),"") -> #NAME? | R107: {=VLOOKUP(C107,DB!A:D,2,FALSE)} -> Malalayang 1 timur | S107: {=VLOOKUP(C107,DB!A:D,3,FALSE)} -> rinaarnowo26@gmail.com | T107: CARA MEMILIH TANGGAL DENGAN KLIK 2 KALI PADA CELL | U107: =CONCATENATE(C107,D107) -> Rina ArnowoJanuari | V107: =IF(M107="",_xludf.SWITCH(D107,"Januari",EOMONTH("01/01/2024",0),"Februari",EOMONTH("01/01/2024",1),"Maret",EOMONTH("01/01/2024",2),"April",EOMONTH("01/01/2024",3),"Mei",EOMONTH("01/01/2024",4),"Juni",EOMONTH("01/01/2024",5),"Juli",EOMONTH("01/01/2024",6),"Agustus",EOMONTH("01/01/2024",7),"September",EOMONTH("01/01/2024",8),"Oktober",EOMONTH("01/01/2024",9),"November",EOMONTH("01/01/2024",10),"Desember",EOMONTH("01/01/2024",11)),M107) -> 45674 | X107: =VLOOKUP(CONCATENATE(C107,D107),'Honor 2025'!A:D,4,FALSE) -> 1893000
A108: =U108&"-"&COUNTIF(U$2:U108,U108) -> Farida TampangJanuari-6 | B108: =CONCATENATE(F108,D108,E108) -> Vini Cristin, S.Tr.Stat.JanuariSurvei Harga Produsen Sektor Jasa (HPJ) | C108: Farida Tampang | D108: Januari | E108: Survei Harga Produsen Sektor Jasa (HPJ) | F108: Vini Cristin, S.Tr.Stat. | G108: =H108*J108 -> 48000 | H108: 48000 | I108: Dok | J108: 1 | K108: 2903.BMA.009.005.A.521213 | L108: 45659 | M108: 45674 | N108: =_xludf.IFNA(IF(X108>3530000,3530000-X108,""),"") -> #NAME? | R108: {=VLOOKUP(C108,DB!A:D,2,FALSE)} -> Perum Malalayang Permai Blok B Lingkungan 5 | S108: {=VLOOKUP(C108,DB!A:D,3,FALSE)} -> frydatampang30730@gmail.com | T108: CARA MEMILIH TANGGAL DENGAN KLIK 2 KALI PADA CELL | U108: =CONCATENATE(C108,D108) -> Farida TampangJanuari | V108: =IF(M108="",_xludf.SWITCH(D108,"Januari",EOMONTH("01/01/2024",0),"Februari",EOMONTH("01/01/2024",1),"Maret",EOMONTH("01/01/2024",2),"April",EOMONTH("01/01/2024",3),"Mei",EOMONTH("01/01/2024",4),"Juni",EOMONTH("01/01/2024",5),"Juli",EOMONTH("01/01/2024",6),"Agustus",EOMONTH("01/01/2024",7),"September",EOMONTH("01/01/2024",8),"Oktober",EOMONTH("01/01/2024",9),"November",EOMONTH("01/01/2024",10),"Desember",EOMONTH("01/01/2024",11)),M108) -> 45674 | X108: =VLOOKUP(CONCATENATE(C108,D108),'Honor 2025'!A:D,4,FALSE) -> 2718000
A109: =U109&"-"&COUNTIF(U$2:U109,U109) -> Reini Clara PaulusJanuari-7 | B109: =CONCATENATE(F109,D109,E109) -> Vini Cristin, S.Tr.Stat.JanuariSurvei Harga Produsen Sektor Jasa (HPJ) | C109: Reini Clara Paulus | D109: Januari | E109: Survei Harga Produsen Sektor Jasa (HPJ) | F109: Vini Cristin, S.Tr.Stat. | G109: =H109*J109 -> 144000 | H109: 48000 | I109: Dok | J109: 3 | K109: 2903.BMA.009.005.A.521213 | L109: 45659 | M109: 45674 | N109: =_xludf.IFNA(IF(X109>3530000,3530000-X109,""),"") -> #NAME? | R109: {=VLOOKUP(C109,DB!A:D,2,FALSE)} -> Jalan Teluk Tomini No. 170 | S109: {=VLOOKUP(C109,DB!A:D,3,FALSE)} -> reinizalora@gmail.com | T109: CARA MEMILIH TANGGAL DENGAN KLIK 2 KALI PADA CELL | U109: =CONCATENATE(C109,D109) -> Reini Clara PaulusJanuari | V109: =IF(M109="",_xludf.SWITCH(D109,"Januari",EOMONTH("01/01/2024",0),"Februari",EOMONTH("01/01/2024",1),"Maret",EOMONTH("01/01/2024",2),"April",EOMONTH("01/01/2024",3),"Mei",EOMONTH("01/01/2024",4),"Juni",EOMONTH("01/01/2024",5),"Juli",EOMONTH("01/01/2024",6),"Agustus",EOMONTH("01/01/2024",7),"September",EOMONTH("01/01/2024",8),"Oktober",EOMONTH("01/01/2024",9),"November",EOMONTH("01/01/2024",10),"Desember",EOMONTH("01/01/2024",11)),M109) -> 45674 | X109: =VLOOKUP(CONCATENATE(C109,D109),'Honor 2025'!A:D,4,FALSE) -> 3426000
A110: =U110&"-"&COUNTIF(U$2:U110,U110) -> SRI ANGRAINI HARTANTOJanuari-7 | B110: =CONCATENATE(F110,D110,E110) -> Vini Cristin, S.Tr.Stat.JanuariSurvei Harga Produsen Sektor Jasa (HPJ) | C110: SRI ANGRAINI HARTANTO | D110: Januari | E110: Survei Harga Produsen Sektor Jasa (HPJ) | F110: Vini Cristin, S.Tr.Stat. | G110: =H110*J110 -> 144000 | H110: 48000 | I110: Dok | J110: 3 | K110: 2903.BMA.009.005.A.521213 | L110: 45659 | M110: 45674 | N110: =_xludf.IFNA(IF(X110>3530000,3530000-X110,""),"") -> #NAME? | R110: {=VLOOKUP(C110,DB!A:D,2,FALSE)} -> JALAN 14 FEBUARY TELING ATAS LINGKUNGAN 3 | S110: {=VLOOKUP(C110,DB!A:D,3,FALSE)} -> hartantosriangraini@gmail.com | T110: CARA MEMILIH TANGGAL DENGAN KLIK 2 KALI PADA CELL | U110: =CONCATENATE(C110,D110) -> SRI ANGRAINI HARTANTOJanuari | V110: =IF(M110="",_xludf.SWITCH(D110,"Januari",EOMONTH("01/01/2024",0),"Februari",EOMONTH("01/01/2024",1),"Maret",EOMONTH("01/01/2024",2),"April",EOMONTH("01/01/2024",3),"Mei",EOMONTH("01/01/2024",4),"Juni",EOMONTH("01/01/2024",5),"Juli",EOMONTH("01/01/2024",6),"Agustus",EOMONTH("01/01/2024",7),"September",EOMONTH("01/01/2024",8),"Oktober",EOMONTH("01/01/2024",9),"November",EOMONTH("01/01/2024",10),"Desember",EOMONTH("01/01/2024",11)),M110) -> 45674 | X110: =VLOOKUP(CONCATENATE(C110,D110),'Honor 2025'!A:D,4,FALSE) -> 1482000
A111: =U111&"-"&COUNTIF(U$2:U111,U111) -> Feibe Ireine Syalome MaramisJanuari-9 | B111: =CONCATENATE(F111,D111,E111) -> Vini Cristin, S.Tr.Stat.JanuariSurvei Harga Produsen Sektor Jasa (HPJ) | C111: Feibe Ireine Syalome Maramis | D111: Januari | E111: Survei Harga Produsen Sektor Jasa (HPJ) | F111: Vini Cristin, S.Tr.Stat. | G111: =H111*J111 -> 48000 | H111: 48000 | I111: Dok | J111: 1 | K111: 2903.BMA.009.005.A.521213 | L111: 45659 | M111: 45674 | N111: =_xludf.IFNA(IF(X111>3530000,3530000-X111,""),"") -> #NAME? | R111: {=VLOOKUP(C111,DB!A:D,2,FALSE)} -> Ranotana Weru | S111: {=VLOOKUP(C111,DB!A:D,3,FALSE)} -> feibemaramis0202@gmail.com | T111: CARA MEMILIH TANGGAL DENGAN KLIK 2 KALI PADA CELL | U111: =CONCATENATE(C111,D111) -> Feibe Ireine Syalome MaramisJanuari | V111: =IF(M111="",_xludf.SWITCH(D111,"Januari",EOMONTH("01/01/2024",0),"Februari",EOMONTH("01/01/2024",1),"Maret",EOMONTH("01/01/2024",2),"April",EOMONTH("01/01/2024",3),"Mei",EOMONTH("01/01/2024",4),"Juni",EOMONTH("01/01/2024",5),"Juli",EOMONTH("01/01/2024",6),"Agustus",EOMONTH("01/01/2024",7),"September",EOMONTH("01/01/2024",8),"Oktober",EOMONTH("01/01/2024",9),"November",EOMONTH("01/01/2024",10),"Desember",EOMONTH("01/01/2024",11)),M111) -> 45674 | X111: =VLOOKUP(CONCATENATE(C111,D111),'Honor 2025'!A:D,4,FALSE) -> 1518000
A112: =U112&"-"&COUNTIF(U$2:U112,U112) -> ISMAIL YAMAJanuari-1 | B112: =CONCATENATE(F112,D112,E112) -> Defi Astuti Anggraeni, S.Tr.Stat.JanuariUpdating KSA Jagung | C112: ISMAIL YAMA | D112: Januari | E112: Updating KSA Jagung | F112: Defi Astuti Anggraeni, S.Tr.Stat. | G112: 448000 | H112: 56000 | I112: Dok | J112: 8 | K112: 2910.BMA.007.005.A.521213 | L112: 45682 | M112: 45688 | N112: =_xludf.IFNA(IF(X112>3530000,3530000-X112,""),"") -> #NAME? | R112: {=VLOOKUP(C112,DB!A:D,2,FALSE)} -> Taman Mapanget raya lingkungan 8 | S112: {=VLOOKUP(C112,DB!A:D,3,FALSE)} -> ismailyama90@gmail.com | T112: CARA MEMILIH TANGGAL DENGAN KLIK 2 KALI PADA CELL | U112: =CONCATENATE(C112,D112) -> ISMAIL YAMAJanuari | V112: =IF(M112="",_xludf.SWITCH(D112,"Januari",EOMONTH("01/01/2024",0),"Februari",EOMONTH("01/01/2024",1),"Maret",EOMONTH("01/01/2024",2),"April",EOMONTH("01/01/2024",3),"Mei",EOMONTH("01/01/2024",4),"Juni",EOMONTH("01/01/2024",5),"Juli",EOMONTH("01/01/2024",6),"Agustus",EOMONTH("01/01/2024",7),"September",EOMONTH("01/01/2024",8),"Oktober",EOMONTH("01/01/2024",9),"November",EOMONTH("01/01/2024",10),"Desember",EOMONTH("01/01/2024",11)),M112) -> 45688 | X112: =VLOOKUP(CONCATENATE(C112,D112),'Honor 2025'!A:D,4,FALSE) -> 448000
A113: =U113&"-"&COUNTIF(U$2:U113,U113) -> Rina ArnowoJanuari-7 | B113: =CONCATENATE(F113,D113,E113) -> Defi Astuti Anggraeni, S.Tr.Stat.JanuariUpdating KSA Jagung | C113: Rina Arnowo | D113: Januari | E113: Updating KSA Jagung | F113: Defi Astuti Anggraeni, S.Tr.Stat. | G113: 448000 | H113: 56000 | I113: Dok | J113: 8 | K113: 2910.BMA.007.005.A.521213 | L113: 45682 | M113: 45688 | N113: =_xludf.IFNA(IF(X113>3530000,3530000-X113,""),"") -> #NAME? | R113: {=VLOOKUP(C113,DB!A:D,2,FALSE)} -> Malalayang 1 timur | S113: {=VLOOKUP(C113,DB!A:D,3,FALSE)} -> rinaarnowo26@gmail.com | T113: CARA MEMILIH TANGGAL DENGAN KLIK 2 KALI PADA CELL | U113: =CONCATENATE(C113,D113) -> Rina ArnowoJanuari | V113: =IF(M113="",_xludf.SWITCH(D113,"Januari",EOMONTH("01/01/2024",0),"Februari",EOMONTH("01/01/2024",1),"Maret",EOMONTH("01/01/2024",2),"April",EOMONTH("01/01/2024",3),"Mei",EOMONTH("01/01/2024",4),"Juni",EOMONTH("01/01/2024",5),"Juli",EOMONTH("01/01/2024",6),"Agustus",EOMONTH("01/01/2024",7),"September",EOMONTH("01/01/2024",8),"Oktober",EOMONTH("01/01/2024",9),"November",EOMONTH("01/01/2024",10),"Desember",EOMONTH("01/01/2024",11)),M113) -> 45688 | X113: =VLOOKUP(CONCATENATE(C113,D113),'Honor 2025'!A:D,4,FALSE) -> 1893000
A114: =U114&"-"&COUNTIF(U$2:U114,U114) -> MARLIN TELMA OCTAVIA KARIOJanuari-2 | B114: =CONCATENATE(F114,D114,E114) -> Defi Astuti Anggraeni, S.Tr.Stat.JanuariUpdating KSA Jagung | C114: MARLIN TELMA OCTAVIA KARIO | D114: Januari | E114: Updating KSA Jagung | F114: Defi Astuti Anggraeni, S.Tr.Stat. | G114: 448000 | H114: 56000 | I114: Dok | J114: 8 | K114: 2910.BMA.007.005.A.521213 | L114: 45682 | M114: 45688 | N114: =_xludf.IFNA(IF(X114>3530000,3530000-X114,""),"") -> #NAME? | R114: {=VLOOKUP(C114,DB!A:D,2,FALSE)} -> Jl Sam ratulangi 21 | S114: {=VLOOKUP(C114,DB!A:D,3,FALSE)} -> Kariomarlin@gmail.com | T114: CARA MEMILIH TANGGAL DENGAN KLIK 2 KALI PADA CELL | U114: =CONCATENATE(C114,D114) -> MARLIN TELMA OCTAVIA KARIOJanuari | V114: =IF(M114="",_xludf.SWITCH(D114,"Januari",EOMONTH("01/01/2024",0),"Februari",EOMONTH("01/01/2024",1),"Maret",EOMONTH("01/01/2024",2),"April",EOMONTH("01/01/2024",3),"Mei",EOMONTH("01/01/2024",4),"Juni",EOMONTH("01/01/2024",5),"Juli",EOMONTH("01/01/2024",6),"Agustus",EOMONTH("01/01/2024",7),"September",EOMONTH("01/01/2024",8),"Oktober",EOMONTH("01/01/2024",9),"November",EOMONTH("01/01/2024",10),"Desember",EOMONTH("01/01/2024",11)),M114) -> 45688 | X114: =VLOOKUP(CONCATENATE(C114,D114),'Honor 2025'!A:D,4,FALSE) -> 1108000
A115: =U115&"-"&COUNTIF(U$2:U115,U115) -> David Christian Philip RugianJanuari-2 | B115: =CONCATENATE(F115,D115,E115) -> Defi Astuti Anggraeni, S.Tr.Stat.JanuariUpdating KSA Padi | C115: David Christian Philip Rugian | D115: Januari | E115: Updating KSA Padi | F115: Defi Astuti Anggraeni, S.Tr.Stat. | G115: 440000 | H115: 110000 | I115: Dok | J115: 4 | K115: 2910.BMA.007.005.A.521213 | L115: 45682 | M115: 45688 | N115: =_xludf.IFNA(IF(X115>3530000,3530000-X115,""),"") -> #NAME? | R115: {=VLOOKUP(C115,DB!A:D,2,FALSE)} -> Teling atas lingkungan 1 | S115: {=VLOOKUP(C115,DB!A:D,3,FALSE)} -> davidphiliprg81@gmail.com | T115: CARA MEMILIH TANGGAL DENGAN KLIK 2 KALI PADA CELL | U115: =CONCATENATE(C115,D115) -> David Christian Philip RugianJanuari | V115: =IF(M115="",_xludf.SWITCH(D115,"Januari",EOMONTH("01/01/2024",0),"Februari",EOMONTH("01/01/2024",1),"Maret",EOMONTH("01/01/2024",2),"April",EOMONTH("01/01/2024",3),"Mei",EOMONTH("01/01/2024",4),"Juni",EOMONTH("01/01/2024",5),"Juli",EOMONTH("01/01/2024",6),"Agustus",EOMONTH("01/01/2024",7),"September",EOMONTH("01/01/2024",8),"Oktober",EOMONTH("01/01/2024",9),"November",EOMONTH("01/01/2024",10),"Desember",EOMONTH("01/01/2024",11)),M115) -> 45688 | X115: =VLOOKUP(CONCATENATE(C115,D115),'Honor 2025'!A:D,4,FALSE) -> 1034000
A116: =U116&"-"&COUNTIF(U$2:U116,U116) -> Hadidjah ladikuFebruari-1 | B116: =CONCATENATE(F116,D116,E116) -> FebruariUpdating/Listing SUSENAS MARET 2025 | C116: Hadidjah ladiku | D116: Februari | E116: Updating/Listing SUSENAS MARET 2025 | G116: =H116*J116 -> 340000 | H116: 170000 | I116: Dok | J116: 2 | K116: 2906.BMA.006.005.A.521213 | L116: 45689 | M116: 45694 | N116: =_xludf.IFNA(IF(X116>3530000,3530000-X116,""),"") -> #NAME? | R116: {=VLOOKUP(C116,DB!A:D,2,FALSE)} -> Jln beringin | S116: {=VLOOKUP(C116,DB!A:D,3,FALSE)} -> hadidjahladiku@gmail.com | T116: CARA MEMILIH TANGGAL DENGAN KLIK 2 KALI PADA CELL | U116: =CONCATENATE(C116,D116) -> Hadidjah ladikuFebruari | V116: =IF(M116="",_xludf.SWITCH(D116,"Januari",EOMONTH("01/01/2024",0),"Februari",EOMONTH("01/01/2024",1),"Maret",EOMONTH("01/01/2024",2),"April",EOMONTH("01/01/2024",3),"Mei",EOMONTH("01/01/2024",4),"Juni",EOMONTH("01/01/2024",5),"Juli",EOMONTH("01/01/2024",6),"Agustus",EOMONTH("01/01/2024",7),"September",EOMONTH("01/01/2024",8),"Oktober",EOMONTH("01/01/2024",9),"November",EOMONTH("01/01/2024",10),"Desember",EOMONTH("01/01/2024",11)),M116) -> 45694 | X116: =VLOOKUP(CONCATENATE(C116,D116),'Honor 2025'!A:D,4,FALSE) -> 2900000
A117: =U117&"-"&COUNTIF(U$2:U117,U117) -> Hertje ManumpilFebruari-1 | B117: =CONCATENATE(F117,D117,E117) -> FebruariUpdating/Listing SUSENAS MARET 2025 | C117: Hertje Manumpil | D117: Februari | E117: Updating/Listing SUSENAS MARET 2025 | G117: =H117*J117 -> 340000 | H117: 170000 | I117: Dok | J117: 2 | K117: 2906.BMA.006.005.A.521213 | L117: 45689 | M117: 45694 | N117: =_xludf.IFNA(IF(X117>3530000,3530000-X117,""),"") -> #NAME? | R117: {=VLOOKUP(C117,DB!A:D,2,FALSE)} -> Tanjung Batu Lingkungan 5 | S117: {=VLOOKUP(C117,DB!A:D,3,FALSE)} -> manumpilhertje@gmail.com | T117: CARA MEMILIH TANGGAL DENGAN KLIK 2 KALI PADA CELL | U117: =CONCATENATE(C117,D117) -> Hertje ManumpilFebruari | V117: =IF(M117="",_xludf.SWITCH(D117,"Januari",EOMONTH("01/01/2024",0),"Februari",EOMONTH("01/01/2024",1),"Maret",EOMONTH("01/01/2024",2),"April",EOMONTH("01/01/2024",3),"Mei",EOMONTH("01/01/2024",4),"Juni",EOMONTH("01/01/2024",5),"Juli",EOMONTH("01/01/2024",6),"Agustus",EOMONTH("01/01/2024",7),"September",EOMONTH("01/01/2024",8),"Oktober",EOMONTH("01/01/2024",9),"November",EOMONTH("01/01/2024",10),"Desember",EOMONTH("01/01/2024",11)),M117) -> 45694 | X117: =VLOOKUP(CONCATENATE(C117,D117),'Honor 2025'!A:D,4,FALSE) -> 2900000
A118: =U118&"-"&COUNTIF(U$2:U118,U118) -> IRMA NAWIFebruari-1 | B118: =CONCATENATE(F118,D118,E118) -> FebruariUpdating/Listing SUSENAS MARET 2025 | C118: IRMA NAWI | D118: Februari | E118: Updating/Listing SUSENAS MARET 2025 | G118: =H118*J118 -> 340000 | H118: 170000 | I118: Dok | J118: 2 | K118: 2906.BMA.006.005.A.521213 | L118: 45689 | M118: 45694 | N118: =_xludf.IFNA(IF(X118>3530000,3530000-X118,""),"") -> #NAME? | R118: {=VLOOKUP(C118,DB!A:D,2,FALSE)} -> Jalan Yos Sudarso 7 No 437 Lingkunga VII | S118: {=VLOOKUP(C118,DB!A:D,3,FALSE)} -> irmabayu2588@gmail.com | T118: CARA MEMILIH TANGGAL DENGAN KLIK 2 KALI PADA CELL | U118: =CONCATENATE(C118,D118) -> IRMA NAWIFebruari | V118: =IF(M118="",_xludf.SWITCH(D118,"Januari",EOMONTH("01/01/2024",0),"Februari",EOMONTH("01/01/2024",1),"Maret",EOMONTH("01/01/2024",2),"April",EOMONTH("01/01/2024",3),"Mei",EOMONTH("01/01/2024",4),"Juni",EOMONTH("01/01/2024",5),"Juli",EOMONTH("01/01/2024",6),"Agustus",EOMONTH("01/01/2024",7),"September",EOMONTH("01/01/2024",8),"Oktober",EOMONTH("01/01/2024",9),"November",EOMONTH("01/01/2024",10),"Desember",EOMONTH("01/01/2024",11)),M118) -> 45694 | X118: =VLOOKUP(CONCATENATE(C118,D118),'Honor 2025'!A:D,4,FALSE) -> 2900000
A119: =U119&"-"&COUNTIF(U$2:U119,U119) -> ISMAIL YAMAFebruari-1 | B119: =CONCATENATE(F119,D119,E119) -> Fadila Ahmad, S.Tr.Stat.FebruariUpdating/Listing SUSENAS MARET 2025 | C119: ISMAIL YAMA | D119: Februari | E119: Updating/Listing SUSENAS MARET 2025 | F119: Fadila Ahmad, S.Tr.Stat. | G119: =H119*J119 -> 340000 | H119: 170000 | I119: Dok | J119: 2 | K119: 2906.BMA.006.005.A.521213 | L119: 45689 | M119: 45694 | N119: =_xludf.IFNA(IF(X119>3530000,3530000-X119,""),"") -> #NAME? | R119: {=VLOOKUP(C119,DB!A:D,2,FALSE)} -> Taman Mapanget raya lingkungan 8 | S119: {=VLOOKUP(C119,DB!A:D,3,FALSE)} -> ismailyama90@gmail.com | T119: CARA MEMILIH TANGGAL DENGAN KLIK 2 KALI PADA CELL | U119: =CONCATENATE(C119,D119) -> ISMAIL YAMAFebruari | V119: =IF(M119="",_xludf.SWITCH(D119,"Januari",EOMONTH("01/01/2024",0),"Februari",EOMONTH("01/01/2024",1),"Maret",EOMONTH("01/01/2024",2),"April",EOMONTH("01/01/2024",3),"Mei",EOMONTH("01/01/2024",4),"Juni",EOMONTH("01/01/2024",5),"Juli",EOMONTH("01/01/2024",6),"Agustus",EOMONTH("01/01/2024",7),"September",EOMONTH("01/01/2024",8),"Oktober",EOMONTH("01/01/2024",9),"November",EOMONTH("01/01/2024",10),"Desember",EOMONTH("01/01/2024",11)),M119) -> 45694 | X119: =VLOOKUP(CONCATENATE(C119,D119),'Honor 2025'!A:D,4,FALSE) -> 3348000
A120: =U120&"-"&COUNTIF(U$2:U120,U120) -> Ivan Christian PurukanFebruari-1 | B120: =CONCATENATE(F120,D120,E120) -> Santi Hayuning Putri S.Tr.Stat.FebruariUpdating/Listing SUSENAS MARET 2025 | C120: Ivan Christian Purukan | D120: Februari | E120: Updating/Listing SUSENAS MARET 2025 | F120: Santi Hayuning Putri S.Tr.Stat. | G120: =H120*J120 -> 340000 | H120: 170000 | I120: Dok | J120: 2 | K120: 2906.BMA.006.005.A.521213 | L120: 45689 | M120: 45694 | N120: =_xludf.IFNA(IF(X120>3530000,3530000-X120,""),"") -> #NAME? | R120: {=VLOOKUP(C120,DB!A:D,2,FALSE)} -> Lingkungan I | S120: {=VLOOKUP(C120,DB!A:D,3,FALSE)} -> Ivan.kidzz@gmail.com | T120: CARA MEMILIH TANGGAL DENGAN KLIK 2 KALI PADA CELL | U120: =CONCATENATE(C120,D120) -> Ivan Christian PurukanFebruari | V120: =IF(M120="",_xludf.SWITCH(D120,"Januari",EOMONTH("01/01/2024",0),"Februari",EOMONTH("01/01/2024",1),"Maret",EOMONTH("01/01/2024",2),"April",EOMONTH("01/01/2024",3),"Mei",EOMONTH("01/01/2024",4),"Juni",EOMONTH("01/01/2024",5),"Juli",EOMONTH("01/01/2024",6),"Agustus",EOMONTH("01/01/2024",7),"September",EOMONTH("01/01/2024",8),"Oktober",EOMONTH("01/01/2024",9),"November",EOMONTH("01/01/2024",10),"Desember",EOMONTH("01/01/2024",11)),M120) -> 45694 | X120: =VLOOKUP(CONCATENATE(C120,D120),'Honor 2025'!A:D,4,FALSE) -> 2900000
A121: =U121&"-"&COUNTIF(U$2:U121,U121) -> Ivanna Tresnawati SarindatFebruari-1 | B121: =CONCATENATE(F121,D121,E121) -> Lazia Outenty BimbangnaungFebruariUpdating/Listing SUSENAS MARET 2025 | C121: Ivanna Tresnawati Sarindat | D121: Februari | E121: Updating/Listing SUSENAS MARET 2025 | F121: Lazia Outenty Bimbangnaung | G121: =H121*J121 -> 170000 | H121: 170000 | I121: Dok | J121: 1 | K121: 2906.BMA.006.005.A.521213 | L121: 45689 | M121: 45694 | N121: =_xludf.IFNA(IF(X121>3530000,3530000-X121,""),"") -> #NAME? | R121: {=VLOOKUP(C121,DB!A:D,2,FALSE)} -> Singkil 1 lingkungan satu | S121: {=VLOOKUP(C121,DB!A:D,3,FALSE)} -> sarindativanna85@gmail.com | T121: CARA MEMILIH TANGGAL DENGAN KLIK 2 KALI PADA CELL | U121: =CONCATENATE(C121,D121) -> Ivanna Tresnawati SarindatFebruari | V121: =IF(M121="",_xludf.SWITCH(D121,"Januari",EOMONTH("01/01/2024",0),"Februari",EOMONTH("01/01/2024",1),"Maret",EOMONTH("01/01/2024",2),"April",EOMONTH("01/01/2024",3),"Mei",EOMONTH("01/01/2024",4),"Juni",EOMONTH("01/01/2024",5),"Juli",EOMONTH("01/01/2024",6),"Agustus",EOMONTH("01/01/2024",7),"September",EOMONTH("01/01/2024",8),"Oktober",EOMONTH("01/01/2024",9),"November",EOMONTH("01/01/2024",10),"Desember",EOMONTH("01/01/2024",11)),M121) -> 45694 | X121: =VLOOKUP(CONCATENATE(C121,D121),'Honor 2025'!A:D,4,FALSE) -> 2730000
A122: =U122&"-"&COUNTIF(U$2:U122,U122) -> Jeffry Robby TumiwaFebruari-1 | B122: =CONCATENATE(F122,D122,E122) -> Vonny Joice Lalujan, SEFebruariUpdating/Listing SUSENAS MARET 2025 | C122: Jeffry Robby Tumiwa | D122: Februari | E122: Updating/Listing SUSENAS MARET 2025 | F122: Vonny Joice Lalujan, SE | G122: =H122*J122 -> 340000 | H122: 170000 | I122: Dok | J122: 2 | K122: 2906.BMA.006.005.A.521213 | L122: 45689 | M122: 45694 | N122: =_xludf.IFNA(IF(X122>3530000,3530000-X122,""),"") -> #NAME? | R122: {=VLOOKUP(C122,DB!A:D,2,FALSE)} -> Sario Tumpaan Lingkungan 1 | S122: {=VLOOKUP(C122,DB!A:D,3,FALSE)} -> geoffrey1868@gmail.com | T122: CARA MEMILIH TANGGAL DENGAN KLIK 2 KALI PADA CELL | U122: =CONCATENATE(C122,D122) -> Jeffry Robby TumiwaFebruari | V122: =IF(M122="",_xludf.SWITCH(D122,"Januari",EOMONTH("01/01/2024",0),"Februari",EOMONTH("01/01/2024",1),"Maret",EOMONTH("01/01/2024",2),"April",EOMONTH("01/01/2024",3),"Mei",EOMONTH("01/01/2024",4),"Juni",EOMONTH("01/01/2024",5),"Juli",EOMONTH("01/01/2024",6),"Agustus",EOMONTH("01/01/2024",7),"September",EOMONTH("01/01/2024",8),"Oktober",EOMONTH("01/01/2024",9),"November",EOMONTH("01/01/2024",10),"Desember",EOMONTH("01/01/2024",11)),M122) -> 45694 | X122: =VLOOKUP(CONCATENATE(C122,D122),'Honor 2025'!A:D,4,FALSE) -> 2900000
A123: =U123&"-"&COUNTIF(U$2:U123,U123) -> Juli Jein KaemungFebruari-1 | B123: =CONCATENATE(F123,D123,E123) -> FebruariUpdating/Listing SUSENAS MARET 2025 | C123: Juli Jein Kaemung | D123: Februari | E123: Updating/Listing SUSENAS MARET 2025 | G123: =H123*J123 -> 340000 | H123: 170000 | I123: Dok | J123: 2 | K123: 2906.BMA.006.005.A.521213 | L123: 45689 | M123: 45694 | N123: =_xludf.IFNA(IF(X123>3530000,3530000-X123,""),"") -> #NAME? | R123: {=VLOOKUP(C123,DB!A:D,2,FALSE)} -> Kelurahan Kima Atas Lingkungan 1 | S123: {=VLOOKUP(C123,DB!A:D,3,FALSE)} -> jullykaemung@gmail.com | T123: CARA MEMILIH TANGGAL DENGAN KLIK 2 KALI PADA CELL | U123: =CONCATENATE(C123,D123) -> Juli Jein KaemungFebruari | V123: =IF(M123="",_xludf.SWITCH(D123,"Januari",EOMONTH("01/01/2024",0),"Februari",EOMONTH("01/01/2024",1),"Maret",EOMONTH("01/01/2024",2),"April",EOMONTH("01/01/2024",3),"Mei",EOMONTH("01/01/2024",4),"Juni",EOMONTH("01/01/2024",5),"Juli",EOMONTH("01/01/2024",6),"Agustus",EOMONTH("01/01/2024",7),"September",EOMONTH("01/01/2024",8),"Oktober",EOMONTH("01/01/2024",9),"November",EOMONTH("01/01/2024",10),"Desember",EOMONTH("01/01/2024",11)),M123) -> 45694 | X123: =VLOOKUP(CONCATENATE(C123,D123),'Honor 2025'!A:D,4,FALSE) -> 2900000
A124: =U124&"-"&COUNTIF(U$2:U124,U124) -> MARLIN TELMA OCTAVIA KARIOFebruari-1 | B124: =CONCATENATE(F124,D124,E124) -> FebruariUpdating/Listing SUSENAS MARET 2025 | C124: MARLIN TELMA OCTAVIA KARIO | D124: Februari | E124: Updating/Listing SUSENAS MARET 2025 | G124: =H124*J124 -> 340000 | H124: 170000 | I124: Dok | J124: 2 | K124: 2906.BMA.006.005.A.521213 | L124: 45689 | M124: 45694 | N124: =_xludf.IFNA(IF(X124>3530000,3530000-X124,""),"") -> #NAME? | R124: {=VLOOKUP(C124,DB!A:D,2,FALSE)} -> Jl Sam ratulangi 21 | S124: {=VLOOKUP(C124,DB!A:D,3,FALSE)} -> Kariomarlin@gmail.com | T124: CARA MEMILIH TANGGAL DENGAN KLIK 2 KALI PADA CELL | U124: =CONCATENATE(C124,D124) -> MARLIN TELMA OCTAVIA KARIOFebruari | V124: =IF(M124="",_xludf.SWITCH(D124,"Januari",EOMONTH("01/01/2024",0),"Februari",EOMONTH("01/01/2024",1),"Maret",EOMONTH("01/01/2024",2),"April",EOMONTH("01/01/2024",3),"Mei",EOMONTH("01/01/2024",4),"Juni",EOMONTH("01/01/2024",5),"Juli",EOMONTH("01/01/2024",6),"Agustus",EOMONTH("01/01/2024",7),"September",EOMONTH("01/01/2024",8),"Oktober",EOMONTH("01/01/2024",9),"November",EOMONTH("01/01/2024",10),"Desember",EOMONTH("01/01/2024",11)),M124) -> 45694 | X124: =VLOOKUP(CONCATENATE(C124,D124),'Honor 2025'!A:D,4,FALSE) -> 3348000
A125: =U125&"-"&COUNTIF(U$2:U125,U125) -> Maya Marlin Austin RembetFebruari-1 | B125: =CONCATENATE(F125,D125,E125) -> Vini Cristin, S.Tr.Stat.FebruariUpdating/Listing SUSENAS MARET 2025 | C125: Maya Marlin Austin Rembet | D125: Februari | E125: Updating/Listing SUSENAS MARET 2025 | F125: Vini Cristin, S.Tr.Stat. | G125: =H125*J125 -> 340000 | H125: 170000 | I125: Dok | J125: 2 | K125: 2906.BMA.006.005.A.521213 | L125: 45689 | M125: 45694 | N125: =_xludf.IFNA(IF(X125>3530000,3530000-X125,""),"") -> #NAME? | R125: {=VLOOKUP(C125,DB!A:D,2,FALSE)} -> Ranotana Weru lingk IV | S125: {=VLOOKUP(C125,DB!A:D,3,FALSE)} -> mayarembet70@gmail.com | T125: CARA MEMILIH TANGGAL DENGAN KLIK 2 KALI PADA CELL | U125: =CONCATENATE(C125,D125) -> Maya Marlin Austin RembetFebruari | V125: =IF(M125="",_xludf.SWITCH(D125,"Januari",EOMONTH("01/01/2024",0),"Februari",EOMONTH("01/01/2024",1),"Maret",EOMONTH("01/01/2024",2),"April",EOMONTH("01/01/2024",3),"Mei",EOMONTH("01/01/2024",4),"Juni",EOMONTH("01/01/2024",5),"Juli",EOMONTH("01/01/2024",6),"Agustus",EOMONTH("01/01/2024",7),"September",EOMONTH("01/01/2024",8),"Oktober",EOMONTH("01/01/2024",9),"November",EOMONTH("01/01/2024",10),"Desember",EOMONTH("01/01/2024",11)),M125) -> 45694 | X125: =VLOOKUP(CONCATENATE(C125,D125),'Honor 2025'!A:D,4,FALSE) -> 2900000
A126: =U126&"-"&COUNTIF(U$2:U126,U126) -> Meike MokodaserFebruari-1 | B126: =CONCATENATE(F126,D126,E126) -> Defi Astuti Anggraeni, S.Tr.Stat.FebruariUpdating/Listing SUSENAS MARET 2025 | C126: Meike Mokodaser | D126: Februari | E126: Updating/Listing SUSENAS MARET 2025 | F126: Defi Astuti Anggraeni, S.Tr.Stat. | G126: =H126*J126 -> 340000 | H126: 170000 | I126: Dok | J126: 2 | K126: 2906.BMA.006.005.A.521213 | L126: 45689 | M126: 45694 | N126: =_xludf.IFNA(IF(X126>3530000,3530000-X126,""),"") -> #NAME? | R126: {=VLOOKUP(C126,DB!A:D,2,FALSE)} -> Lingkungan 2 jl. Kemiri no .41 | S126: {=VLOOKUP(C126,DB!A:D,3,FALSE)} -> meikemokodaser121@gmail.com | T126: CARA MEMILIH TANGGAL DENGAN KLIK 2 KALI PADA CELL | U126: =CONCATENATE(C126,D126) -> Meike MokodaserFebruari | V126: =IF(M126="",_xludf.SWITCH(D126,"Januari",EOMONTH("01/01/2024",0),"Februari",EOMONTH("01/01/2024",1),"Maret",EOMONTH("01/01/2024",2),"April",EOMONTH("01/01/2024",3),"Mei",EOMONTH("01/01/2024",4),"Juni",EOMONTH("01/01/2024",5),"Juli",EOMONTH("01/01/2024",6),"Agustus",EOMONTH("01/01/2024",7),"September",EOMONTH("01/01/2024",8),"Oktober",EOMONTH("01/01/2024",9),"November",EOMONTH("01/01/2024",10),"Desember",EOMONTH("01/01/2024",11)),M126) -> 45694 | X126: =VLOOKUP(CONCATENATE(C126,D126),'Honor 2025'!A:D,4,FALSE) -> 2900000
A127: =U127&"-"&COUNTIF(U$2:U127,U127) -> NURHAYANTI TOWURIFebruari-1 | B127: =CONCATENATE(F127,D127,E127) -> Fadila Ahmad, S.Tr.Stat.FebruariUpdating/Listing SUSENAS MARET 2025 | C127: NURHAYANTI TOWURI | D127: Februari | E127: Updating/Listing SUSENAS MARET 2025 | F127: Fadila Ahmad, S.Tr.Stat. | G127: =H127*J127 -> 340000 | H127: 170000 | I127: Dok | J127: 2 | K127: 2906.BMA.006.005.A.521213 | L127: 45689 | M127: 45694 | N127: =_xludf.IFNA(IF(X127>3530000,3530000-X127,""),"") -> #NAME? | R127: {=VLOOKUP(C127,DB!A:D,2,FALSE)} -> Jl. Ranoketang lingkungan III | S127: {=VLOOKUP(C127,DB!A:D,3,FALSE)} -> nurhayantitowuri1@gmail.com | T127: CARA MEMILIH TANGGAL DENGAN KLIK 2 KALI PADA CELL | U127: =CONCATENATE(C127,D127) -> NURHAYANTI TOWURIFebruari | V127: =IF(M127="",_xludf.SWITCH(D127,"Januari",EOMONTH("01/01/2024",0),"Februari",EOMONTH("01/01/2024",1),"Maret",EOMONTH("01/01/2024",2),"April",EOMONTH("01/01/2024",3),"Mei",EOMONTH("01/01/2024",4),"Juni",EOMONTH("01/01/2024",5),"Juli",EOMONTH("01/01/2024",6),"Agustus",EOMONTH("01/01/2024",7),"September",EOMONTH("01/01/2024",8),"Oktober",EOMONTH("01/01/2024",9),"November",EOMONTH("01/01/2024",10),"Desember",EOMONTH("01/01/2024",11)),M127) -> 45694 | X127: =VLOOKUP(CONCATENATE(C127,D127),'Honor 2025'!A:D,4,FALSE) -> 2900000
A128: =U128&"-"&COUNTIF(U$2:U128,U128) -> Oksan TolipFebruari-1 | B128: =CONCATENATE(F128,D128,E128) -> FebruariUpdating/Listing SUSENAS MARET 2025 | C128: Oksan Tolip | D128: Februari | E128: Updating/Listing SUSENAS MARET 2025 | G128: =H128*J128 -> 170000 | H128: 170000 | I128: Dok | J128: 1 | K128: 2906.BMA.006.005.A.521213 | L128: 45689 | M128: 45694 | N128: =_xludf.IFNA(IF(X128>3530000,3530000-X128,""),"") -> #NAME? | R128: {=VLOOKUP(C128,DB!A:D,2,FALSE)} -> Jl.Sungai Citarum.Kombos Barat.Lingkungan 2 | S128: {=VLOOKUP(C128,DB!A:D,3,FALSE)} -> Oksantolip@gmail.com | T128: CARA MEMILIH TANGGAL DENGAN KLIK 2 KALI PADA CELL | U128: =CONCATENATE(C128,D128) -> Oksan TolipFebruari | V128: =IF(M128="",_xludf.SWITCH(D128,"Januari",EOMONTH("01/01/2024",0),"Februari",EOMONTH("01/01/2024",1),"Maret",EOMONTH("01/01/2024",2),"April",EOMONTH("01/01/2024",3),"Mei",EOMONTH("01/01/2024",4),"Juni",EOMONTH("01/01/2024",5),"Juli",EOMONTH("01/01/2024",6),"Agustus",EOMONTH("01/01/2024",7),"September",EOMONTH("01/01/2024",8),"Oktober",EOMONTH("01/01/2024",9),"November",EOMONTH("01/01/2024",10),"Desember",EOMONTH("01/01/2024",11)),M128) -> 45694 | X128: =VLOOKUP(CONCATENATE(C128,D128),'Honor 2025'!A:D,4,FALSE) -> 2730000
A129: =U129&"-"&COUNTIF(U$2:U129,U129) -> Pingkan Winda SarayarFebruari-1 | B129: =CONCATENATE(F129,D129,E129) -> FebruariUpdating/Listing SUSENAS MARET 2025 | C129: Pingkan Winda Sarayar | D129: Februari | E129: Updating/Listing SUSENAS MARET 2025 | G129: =H129*J129 -> 340000 | H129: 170000 | I129: Dok | J129: 2 | K129: 2906.BMA.006.005.A.521213 | L129: 45689 | M129: 45694 | N129: =_xludf.IFNA(IF(X129>3530000,3530000-X129,""),"") -> #NAME? | R129: {=VLOOKUP(C129,DB!A:D,2,FALSE)} -> Perum Camar Buha Lingk.7 | S129: {=VLOOKUP(C129,DB!A:D,3,FALSE)} -> windasarayar@gmail.com | T129: CARA MEMILIH TANGGAL DENGAN KLIK 2 KALI PADA CELL | U129: =CONCATENATE(C129,D129) -> Pingkan Winda SarayarFebruari | V129: =IF(M129="",_xludf.SWITCH(D129,"Januari",EOMONTH("01/01/2024",0),"Februari",EOMONTH("01/01/2024",1),"Maret",EOMONTH("01/01/2024",2),"April",EOMONTH("01/01/2024",3),"Mei",EOMONTH("01/01/2024",4),"Juni",EOMONTH("01/01/2024",5),"Juli",EOMONTH("01/01/2024",6),"Agustus",EOMONTH("01/01/2024",7),"September",EOMONTH("01/01/2024",8),"Oktober",EOMONTH("01/01/2024",9),"November",EOMONTH("01/01/2024",10),"Desember",EOMONTH("01/01/2024",11)),M129) -> 45694 | X129: =VLOOKUP(CONCATENATE(C129,D129),'Honor 2025'!A:D,4,FALSE) -> 2900000
A130: =U130&"-"&COUNTIF(U$2:U130,U130) -> Prisila kristiani pangemananFebruari-1 | B130: =CONCATENATE(F130,D130,E130) -> Farhan, S.Tr.Stat.FebruariUpdating/Listing SUSENAS MARET 2025 | C130: Prisila kristiani pangemanan | D130: Februari | E130: Updating/Listing SUSENAS MARET 2025 | F130: Farhan, S.Tr.Stat. | G130: =H130*J130 -> 340000 | H130: 170000 | I130: Dok | J130: 2 | K130: 2906.BMA.006.005.A.521213 | L130: 45689 | M130: 45694 | N130: =_xludf.IFNA(IF(X130>3530000,3530000-X130,""),"") -> #NAME? | R130: {=VLOOKUP(C130,DB!A:D,2,FALSE)} -> Jalan samratulangi 18 no 5 | S130: {=VLOOKUP(C130,DB!A:D,3,FALSE)} -> prisilakristianipangemanan@gmail.com | T130: CARA MEMILIH TANGGAL DENGAN KLIK 2 KALI PADA CELL | U130: =CONCATENATE(C130,D130) -> Prisila kristiani pangemananFebruari | V130: =IF(M130="",_xludf.SWITCH(D130,"Januari",EOMONTH("01/01/2024",0),"Februari",EOMONTH("01/01/2024",1),"Maret",EOMONTH("01/01/2024",2),"April",EOMONTH("01/01/2024",3),"Mei",EOMONTH("01/01/2024",4),"Juni",EOMONTH("01/01/2024",5),"Juli",EOMONTH("01/01/2024",6),"Agustus",EOMONTH("01/01/2024",7),"September",EOMONTH("01/01/2024",8),"Oktober",EOMONTH("01/01/2024",9),"November",EOMONTH("01/01/2024",10),"Desember",EOMONTH("01/01/2024",11)),M130) -> 45694 | X130: =VLOOKUP(CONCATENATE(C130,D130),'Honor 2025'!A:D,4,FALSE) -> 2900000
A131: =U131&"-"&COUNTIF(U$2:U131,U131) -> RIZKI NURFIFAHFebruari-1 | B131: =CONCATENATE(F131,D131,E131) -> Farhan, S.Tr.Stat.FebruariUpdating/Listing SUSENAS MARET 2025 | C131: RIZKI NURFIFAH | D131: Februari | E131: Updating/Listing SUSENAS MARET 2025 | F131: Farhan, S.Tr.Stat. | G131: =H131*J131 -> 340000 | H131: 170000 | I131: Dok | J131: 2 | K131: 2906.BMA.006.005.A.521213 | L131: 45689 | M131: 45694 | N131: =_xludf.IFNA(IF(X131>3530000,3530000-X131,""),"") -> #NAME? | R131: {=VLOOKUP(C131,DB!A:D,2,FALSE)} -> Jl. P. Bentenan, kleak, kec. Malalayang, kota Manado Sulawesi Utara | S131: {=VLOOKUP(C131,DB!A:D,3,FALSE)} -> rizkinurfifah166@gmail.com | T131: CARA MEMILIH TANGGAL DENGAN KLIK 2 KALI PADA CELL | U131: =CONCATENATE(C131,D131) -> RIZKI NURFIFAHFebruari | V131: =IF(M131="",_xludf.SWITCH(D131,"Januari",EOMONTH("01/01/2024",0),"Februari",EOMONTH("01/01/2024",1),"Maret",EOMONTH("01/01/2024",2),"April",EOMONTH("01/01/2024",3),"Mei",EOMONTH("01/01/2024",4),"Juni",EOMONTH("01/01/2024",5),"Juli",EOMONTH("01/01/2024",6),"Agustus",EOMONTH("01/01/2024",7),"September",EOMONTH("01/01/2024",8),"Oktober",EOMONTH("01/01/2024",9),"November",EOMONTH("01/01/2024",10),"Desember",EOMONTH("01/01/2024",11)),M131) -> 45694 | X131: =VLOOKUP(CONCATENATE(C131,D131),'Honor 2025'!A:D,4,FALSE) -> 2900000
A132: =U132&"-"&COUNTIF(U$2:U132,U132) -> Rugaya SonuFebruari-1 | B132: =CONCATENATE(F132,D132,E132) -> FebruariUpdating/Listing SUSENAS MARET 2025 | C132: Rugaya Sonu | D132: Februari | E132: Updating/Listing SUSENAS MARET 2025 | G132: =H132*J132 -> 340000 | H132: 170000 | I132: Dok | J132: 2 | K132: 2906.BMA.006.005.A.521213 | L132: 45689 | M132: 45694 | N132: =_xludf.IFNA(IF(X132>3530000,3530000-X132,""),"") -> #NAME? | R132: {=VLOOKUP(C132,DB!A:D,2,FALSE)} -> Tongkaina ling 1 kecamatan bunaken | S132: {=VLOOKUP(C132,DB!A:D,3,FALSE)} -> ghayasonu16@gmail.com | T132: CARA MEMILIH TANGGAL DENGAN KLIK 2 KALI PADA CELL | U132: =CONCATENATE(C132,D132) -> Rugaya SonuFebruari | V132: =IF(M132="",_xludf.SWITCH(D132,"Januari",EOMONTH("01/01/2024",0),"Februari",EOMONTH("01/01/2024",1),"Maret",EOMONTH("01/01/2024",2),"April",EOMONTH("01/01/2024",3),"Mei",EOMONTH("01/01/2024",4),"Juni",EOMONTH("01/01/2024",5),"Juli",EOMONTH("01/01/2024",6),"Agustus",EOMONTH("01/01/2024",7),"September",EOMONTH("01/01/2024",8),"Oktober",EOMONTH("01/01/2024",9),"November",EOMONTH("01/01/2024",10),"Desember",EOMONTH("01/01/2024",11)),M132) -> 45694 | X132: =VLOOKUP(CONCATENATE(C132,D132),'Honor 2025'!A:D,4,FALSE) -> 2900000
A133: =U133&"-"&COUNTIF(U$2:U133,U133) -> SRI RETNO PUSPITOFebruari-1 | B133: =CONCATENATE(F133,D133,E133) -> Santi Hayuning Putri S.Tr.Stat.FebruariUpdating/Listing SUSENAS MARET 2025 | C133: SRI RETNO PUSPITO | D133: Februari | E133: Updating/Listing SUSENAS MARET 2025 | F133: Santi Hayuning Putri S.Tr.Stat. | G133: =H133*J133 -> 340000 | H133: 170000 | I133: Dok | J133: 2 | K133: 2906.BMA.006.005.A.521213 | L133: 45689 | M133: 45694 | N133: =_xludf.IFNA(IF(X133>3530000,3530000-X133,""),"") -> #NAME? | R133: {=VLOOKUP(C133,DB!A:D,2,FALSE)} -> Jln A Yani 15 no 5 manado | S133: {=VLOOKUP(C133,DB!A:D,3,FALSE)} -> sriretnopuspito@gmail.com | T133: CARA MEMILIH TANGGAL DENGAN KLIK 2 KALI PADA CELL | U133: =CONCATENATE(C133,D133) -> SRI RETNO PUSPITOFebruari | V133: =IF(M133="",_xludf.SWITCH(D133,"Januari",EOMONTH("01/01/2024",0),"Februari",EOMONTH("01/01/2024",1),"Maret",EOMONTH("01/01/2024",2),"April",EOMONTH("01/01/2024",3),"Mei",EOMONTH("01/01/2024",4),"Juni",EOMONTH("01/01/2024",5),"Juli",EOMONTH("01/01/2024",6),"Agustus",EOMONTH("01/01/2024",7),"September",EOMONTH("01/01/2024",8),"Oktober",EOMONTH("01/01/2024",9),"November",EOMONTH("01/01/2024",10),"Desember",EOMONTH("01/01/2024",11)),M133) -> 45694 | X133: =VLOOKUP(CONCATENATE(C133,D133),'Honor 2025'!A:D,4,FALSE) -> 2900000
A134: =U134&"-"&COUNTIF(U$2:U134,U134) -> Suriaty Hadji AliFebruari-1 | B134: =CONCATENATE(F134,D134,E134) -> Defi Astuti Anggraeni, S.Tr.Stat.FebruariUpdating/Listing SUSENAS MARET 2025 | C134: Suriaty Hadji Ali | D134: Februari | E134: Updating/Listing SUSENAS MARET 2025 | F134: Defi Astuti Anggraeni, S.Tr.Stat. | G134: =H134*J134 -> 340000 | H134: 170000 | I134: Dok | J134: 2 | K134: 2906.BMA.006.005.A.521213 | L134: 45689 | M134: 45694 | N134: =_xludf.IFNA(IF(X134>3530000,3530000-X134,""),"") -> #NAME? | R134: {=VLOOKUP(C134,DB!A:D,2,FALSE)} -> Teling Atas Lingk VII | S134: {=VLOOKUP(C134,DB!A:D,3,FALSE)} -> suriatyhadjiali78@gmail.com | T134: CARA MEMILIH TANGGAL DENGAN KLIK 2 KALI PADA CELL | U134: =CONCATENATE(C134,D134) -> Suriaty Hadji AliFebruari | V134: =IF(M134="",_xludf.SWITCH(D134,"Januari",EOMONTH("01/01/2024",0),"Februari",EOMONTH("01/01/2024",1),"Maret",EOMONTH("01/01/2024",2),"April",EOMONTH("01/01/2024",3),"Mei",EOMONTH("01/01/2024",4),"Juni",EOMONTH("01/01/2024",5),"Juli",EOMONTH("01/01/2024",6),"Agustus",EOMONTH("01/01/2024",7),"September",EOMONTH("01/01/2024",8),"Oktober",EOMONTH("01/01/2024",9),"November",EOMONTH("01/01/2024",10),"Desember",EOMONTH("01/01/2024",11)),M134) -> 45694 | X134: =VLOOKUP(CONCATENATE(C134,D134),'Honor 2025'!A:D,4,FALSE) -> 2900000
A135: =U135&"-"&COUNTIF(U$2:U135,U135) -> Sutria Meilani TiwowFebruari-1 | B135: =CONCATENATE(F135,D135,E135) -> Vivi Novita Sumampouw, SEFebruariUpdating/Listing SUSENAS MARET 2025 | C135: Sutria Meilani Tiwow | D135: Februari | E135: Updating/Listing SUSENAS MARET 2025 | F135: Vivi Novita Sumampouw, SE | G135: =H135*J135 -> 340000 | H135: 170000 | I135: Dok | J135: 2 | K135: 2906.BMA.006.005.A.521213 | L135: 45689 | M135: 45694 | N135: =_xludf.IFNA(IF(X135>3530000,3530000-X135,""),"") -> #NAME? | R135: {=VLOOKUP(C135,DB!A:D,2,FALSE)} -> Jl. Salak 10, Lingkungan I | S135: {=VLOOKUP(C135,DB!A:D,3,FALSE)} -> sutriameilanny88@gmail.com | T135: CARA MEMILIH TANGGAL DENGAN KLIK 2 KALI PADA CELL | U135: =CONCATENATE(C135,D135) -> Sutria Meilani TiwowFebruari | V135: =IF(M135="",_xludf.SWITCH(D135,"Januari",EOMONTH("01/01/2024",0),"Februari",EOMONTH("01/01/2024",1),"Maret",EOMONTH("01/01/2024",2),"April",EOMONTH("01/01/2024",3),"Mei",EOMONTH("01/01/2024",4),"Juni",EOMONTH("01/01/2024",5),"Juli",EOMONTH("01/01/2024",6),"Agustus",EOMONTH("01/01/2024",7),"September",EOMONTH("01/01/2024",8),"Oktober",EOMONTH("01/01/2024",9),"November",EOMONTH("01/01/2024",10),"Desember",EOMONTH("01/01/2024",11)),M135) -> 45694 | X135: =VLOOKUP(CONCATENATE(C135,D135),'Honor 2025'!A:D,4,FALSE) -> 2900000
A136: =U136&"-"&COUNTIF(U$2:U136,U136) -> Veinny enggrithel pirasatFebruari-1 | B136: =CONCATENATE(F136,D136,E136) -> FebruariUpdating/Listing SUSENAS MARET 2025 | C136: Veinny enggrithel pirasat | D136: Februari | E136: Updating/Listing SUSENAS MARET 2025 | G136: =H136*J136 -> 340000 | H136: 170000 | I136: Dok | J136: 2 | K136: 2906.BMA.006.005.A.521213 | L136: 45689 | M136: 45694 | N136: =_xludf.IFNA(IF(X136>3530000,3530000-X136,""),"") -> #NAME? | R136: {=VLOOKUP(C136,DB!A:D,2,FALSE)} -> belakang gereja alfa omega | S136: {=VLOOKUP(C136,DB!A:D,3,FALSE)} -> pirasatveinny@gmail.com | T136: CARA MEMILIH TANGGAL DENGAN KLIK 2 KALI PADA CELL | U136: =CONCATENATE(C136,D136) -> Veinny enggrithel pirasatFebruari | V136: =IF(M136="",_xludf.SWITCH(D136,"Januari",EOMONTH("01/01/2024",0),"Februari",EOMONTH("01/01/2024",1),"Maret",EOMONTH("01/01/2024",2),"April",EOMONTH("01/01/2024",3),"Mei",EOMONTH("01/01/2024",4),"Juni",EOMONTH("01/01/2024",5),"Juli",EOMONTH("01/01/2024",6),"Agustus",EOMONTH("01/01/2024",7),"September",EOMONTH("01/01/2024",8),"Oktober",EOMONTH("01/01/2024",9),"November",EOMONTH("01/01/2024",10),"Desember",EOMONTH("01/01/2024",11)),M136) -> 45694 | X136: =VLOOKUP(CONCATENATE(C136,D136),'Honor 2025'!A:D,4,FALSE) -> 2900000
A137: =U137&"-"&COUNTIF(U$2:U137,U137) -> Yesika Chenly SiwuFebruari-1 | B137: =CONCATENATE(F137,D137,E137) -> Vini Cristin, S.Tr.Stat.FebruariUpdating/Listing SUSENAS MARET 2025 | C137: Yesika Chenly Siwu | D137: Februari | E137: Updating/Listing SUSENAS MARET 2025 | F137: Vini Cristin, S.Tr.Stat. | G137: =H137*J137 -> 340000 | H137: 170000 | I137: Dok | J137: 2 | K137: 2906.BMA.006.005.A.521213 | L137: 45689 | M137: 45694 | N137: =_xludf.IFNA(IF(X137>3530000,3530000-X137,""),"") -> #NAME? | R137: {=VLOOKUP(C137,DB!A:D,2,FALSE)} -> Lingkungan VI, RW.006, Malendeng, Kec. Paal Dua, Kota Manado, Sulawesi Utara | S137: {=VLOOKUP(C137,DB!A:D,3,FALSE)} -> yesikachenly@gmail.com | T137: CARA MEMILIH TANGGAL DENGAN KLIK 2 KALI PADA CELL | U137: =CONCATENATE(C137,D137) -> Yesika Chenly SiwuFebruari | V137: =IF(M137="",_xludf.SWITCH(D137,"Januari",EOMONTH("01/01/2024",0),"Februari",EOMONTH("01/01/2024",1),"Maret",EOMONTH("01/01/2024",2),"April",EOMONTH("01/01/2024",3),"Mei",EOMONTH("01/01/2024",4),"Juni",EOMONTH("01/01/2024",5),"Juli",EOMONTH("01/01/2024",6),"Agustus",EOMONTH("01/01/2024",7),"September",EOMONTH("01/01/2024",8),"Oktober",EOMONTH("01/01/2024",9),"November",EOMONTH("01/01/2024",10),"Desember",EOMONTH("01/01/2024",11)),M137) -> 45694 | X137: =VLOOKUP(CONCATENATE(C137,D137),'Honor 2025'!A:D,4,FALSE) -> 2900000
A138: =U138&"-"&COUNTIF(U$2:U138,U138) -> Yulianti BohamFebruari-1 | B138: =CONCATENATE(F138,D138,E138) -> Maskhur Solikhudin, S.Tr.Stat.FebruariUpdating/Listing SUSENAS MARET 2025 | C138: Yulianti Boham | D138: Februari | E138: Updating/Listing SUSENAS MARET 2025 | F138: Maskhur Solikhudin, S.Tr.Stat. | G138: =H138*J138 -> 340000 | H138: 170000 | I138: Dok | J138: 2 | K138: 2906.BMA.006.005.A.521213 | L138: 45689 | M138: 45694 | N138: =_xludf.IFNA(IF(X138>3530000,3530000-X138,""),"") -> #NAME? | R138: {=VLOOKUP(C138,DB!A:D,2,FALSE)} -> Jl. Yos sudarso lingkungan 2 kairagi weru | S138: {=VLOOKUP(C138,DB!A:D,3,FALSE)} -> anthyboham7@gmail.com | T138: CARA MEMILIH TANGGAL DENGAN KLIK 2 KALI PADA CELL | U138: =CONCATENATE(C138,D138) -> Yulianti BohamFebruari | V138: =IF(M138="",_xludf.SWITCH(D138,"Januari",EOMONTH("01/01/2024",0),"Februari",EOMONTH("01/01/2024",1),"Maret",EOMONTH("01/01/2024",2),"April",EOMONTH("01/01/2024",3),"Mei",EOMONTH("01/01/2024",4),"Juni",EOMONTH("01/01/2024",5),"Juli",EOMONTH("01/01/2024",6),"Agustus",EOMONTH("01/01/2024",7),"September",EOMONTH("01/01/2024",8),"Oktober",EOMONTH("01/01/2024",9),"November",EOMONTH("01/01/2024",10),"Desember",EOMONTH("01/01/2024",11)),M138) -> 45694 | X138: =VLOOKUP(CONCATENATE(C138,D138),'Honor 2025'!A:D,4,FALSE) -> 2900000
A139: =U139&"-"&COUNTIF(U$2:U139,U139) -> Esther Angle SepangFebruari-1 | B139: =CONCATENATE(F139,D139,E139) -> FebruariUpdating/Listing SUSENAS MARET 2025 | C139: Esther Angle Sepang | D139: Februari | E139: Updating/Listing SUSENAS MARET 2025 | G139: =H139*J139 -> 224000 | H139: 56000 | I139: Dok | J139: 4 | K139: 2906.BMA.006.005.A.521213 | L139: 45689 | M139: 45694 | N139: =_xludf.IFNA(IF(X139>3530000,3530000-X139,""),"") -> #NAME? | R139: {=VLOOKUP(C139,DB!A:D,2,FALSE)} -> Bumi Nyiur Lingkungan 2 | S139: {=VLOOKUP(C139,DB!A:D,3,FALSE)} -> esthersepang24@gmail.com | T139: CARA MEMILIH TANGGAL DENGAN KLIK 2 KALI PADA CELL | U139: =CONCATENATE(C139,D139) -> Esther Angle SepangFebruari | V139: =IF(M139="",_xludf.SWITCH(D139,"Januari",EOMONTH("01/01/2024",0),"Februari",EOMONTH("01/01/2024",1),"Maret",EOMONTH("01/01/2024",2),"April",EOMONTH("01/01/2024",3),"Mei",EOMONTH("01/01/2024",4),"Juni",EOMONTH("01/01/2024",5),"Juli",EOMONTH("01/01/2024",6),"Agustus",EOMONTH("01/01/2024",7),"September",EOMONTH("01/01/2024",8),"Oktober",EOMONTH("01/01/2024",9),"November",EOMONTH("01/01/2024",10),"Desember",EOMONTH("01/01/2024",11)),M139) -> 45694 | X139: =VLOOKUP(CONCATENATE(C139,D139),'Honor 2025'!A:D,4,FALSE) -> 1944000
A140: =U140&"-"&COUNTIF(U$2:U140,U140) -> Fily SepangFebruari-1 | B140: =CONCATENATE(F140,D140,E140) -> FebruariUpdating/Listing SUSENAS MARET 2025 | C140: Fily Sepang | D140: Februari | E140: Updating/Listing SUSENAS MARET 2025 | G140: =H140*J140 -> 224000 | H140: 56000 | I140: Dok | J140: 4 | K140: 2906.BMA.006.005.A.521213 | L140: 45689 | M140: 45694 | N140: =_xludf.IFNA(IF(X140>3530000,3530000-X140,""),"") -> #NAME? | R140: {=VLOOKUP(C140,DB!A:D,2,FALSE)} -> Bumi nyiur lingkungan 2 | S140: {=VLOOKUP(C140,DB!A:D,3,FALSE)} -> fillysepang13@gmail.com | T140: CARA MEMILIH TANGGAL DENGAN KLIK 2 KALI PADA CELL | U140: =CONCATENATE(C140,D140) -> Fily SepangFebruari | V140: =IF(M140="",_xludf.SWITCH(D140,"Januari",EOMONTH("01/01/2024",0),"Februari",EOMONTH("01/01/2024",1),"Maret",EOMONTH("01/01/2024",2),"April",EOMONTH("01/01/2024",3),"Mei",EOMONTH("01/01/2024",4),"Juni",EOMONTH("01/01/2024",5),"Juli",EOMONTH("01/01/2024",6),"Agustus",EOMONTH("01/01/2024",7),"September",EOMONTH("01/01/2024",8),"Oktober",EOMONTH("01/01/2024",9),"November",EOMONTH("01/01/2024",10),"Desember",EOMONTH("01/01/2024",11)),M140) -> 45694 | X140: =VLOOKUP(CONCATENATE(C140,D140),'Honor 2025'!A:D,4,FALSE) -> 1944000
A141: =U141&"-"&COUNTIF(U$2:U141,U141) -> Lydia IndrawatiFebruari-1 | B141: =CONCATENATE(F141,D141,E141) -> FebruariUpdating/Listing SUSENAS MARET 2025 | C141: Lydia Indrawati | D141: Februari | E141: Updating/Listing SUSENAS MARET 2025 | G141: =H141*J141 -> 224000 | H141: 56000 | I141: Dok | J141: 4 | K141: 2906.BMA.006.005.A.521213 | L141: 45689 | M141: 45694 | N141: =_xludf.IFNA(IF(X141>3530000,3530000-X141,""),"") -> #NAME? | R141: {=VLOOKUP(C141,DB!A:D,2,FALSE)} -> Mayondi Ling 3 | S141: {=VLOOKUP(C141,DB!A:D,3,FALSE)} -> lydiaindrawati08@gmail.com | T141: CARA MEMILIH TANGGAL DENGAN KLIK 2 KALI PADA CELL | U141: =CONCATENATE(C141,D141) -> Lydia IndrawatiFebruari | V141: =IF(M141="",_xludf.SWITCH(D141,"Januari",EOMONTH("01/01/2024",0),"Februari",EOMONTH("01/01/2024",1),"Maret",EOMONTH("01/01/2024",2),"April",EOMONTH("01/01/2024",3),"Mei",EOMONTH("01/01/2024",4),"Juni",EOMONTH("01/01/2024",5),"Juli",EOMONTH("01/01/2024",6),"Agustus",EOMONTH("01/01/2024",7),"September",EOMONTH("01/01/2024",8),"Oktober",EOMONTH("01/01/2024",9),"November",EOMONTH("01/01/2024",10),"Desember",EOMONTH("01/01/2024",11)),M141) -> 45694 | X141: =VLOOKUP(CONCATENATE(C141,D141),'Honor 2025'!A:D,4,FALSE) -> 1944000
A142: =U142&"-"&COUNTIF(U$2:U142,U142) -> Randhy TahulendingFebruari-1 | B142: =CONCATENATE(F142,D142,E142) -> FebruariUpdating/Listing SUSENAS MARET 2025 | C142: Randhy Tahulending | D142: Februari | E142: Updating/Listing SUSENAS MARET 2025 | G142: =H142*J142 -> 224000 | H142: 56000 | I142: Dok | J142: 4 | K142: 2906.BMA.006.005.A.521213 | L142: 45689 | M142: 45694 | N142: =_xludf.IFNA(IF(X142>3530000,3530000-X142,""),"") -> #NAME? | R142: {=VLOOKUP(C142,DB!A:D,2,FALSE)} -> Perumahan Bengkol residence blok G no.10 kel.bpBengkol kec.Mapanget | S142: {=VLOOKUP(C142,DB!A:D,3,FALSE)} -> randhytahulending8@gmail.com | T142: CARA MEMILIH TANGGAL DENGAN KLIK 2 KALI PADA CELL | U142: =CONCATENATE(C142,D142) -> Randhy TahulendingFebruari | V142: =IF(M142="",_xludf.SWITCH(D142,"Januari",EOMONTH("01/01/2024",0),"Februari",EOMONTH("01/01/2024",1),"Maret",EOMONTH("01/01/2024",2),"April",EOMONTH("01/01/2024",3),"Mei",EOMONTH("01/01/2024",4),"Juni",EOMONTH("01/01/2024",5),"Juli",EOMONTH("01/01/2024",6),"Agustus",EOMONTH("01/01/2024",7),"September",EOMONTH("01/01/2024",8),"Oktober",EOMONTH("01/01/2024",9),"November",EOMONTH("01/01/2024",10),"Desember",EOMONTH("01/01/2024",11)),M142) -> 45694 | X142: =VLOOKUP(CONCATENATE(C142,D142),'Honor 2025'!A:D,4,FALSE) -> 1944000
A143: =U143&"-"&COUNTIF(U$2:U143,U143) -> Yunita Rahayu Ekaputri AbdjulFebruari-1 | B143: =CONCATENATE(F143,D143,E143) -> FebruariUpdating/Listing SUSENAS MARET 2025 | C143: Yunita Rahayu Ekaputri Abdjul | D143: Februari | E143: Updating/Listing SUSENAS MARET 2025 | G143: =H143*J143 -> 224000 | H143: 56000 | I143: Dok | J143: 4 | K143: 2906.BMA.006.005.A.521213 | L143: 45689 | M143: 45694 | N143: =_xludf.IFNA(IF(X143>3530000,3530000-X143,""),"") -> #NAME? | R143: {=VLOOKUP(C143,DB!A:D,2,FALSE)} -> Jln Raya Molas | S143: {=VLOOKUP(C143,DB!A:D,3,FALSE)} -> Yunitarahayuabdjul@gmail.com | T143: CARA MEMILIH TANGGAL DENGAN KLIK 2 KALI PADA CELL | U143: =CONCATENATE(C143,D143) -> Yunita Rahayu Ekaputri AbdjulFebruari | V143: =IF(M143="",_xludf.SWITCH(D143,"Januari",EOMONTH("01/01/2024",0),"Februari",EOMONTH("01/01/2024",1),"Maret",EOMONTH("01/01/2024",2),"April",EOMONTH("01/01/2024",3),"Mei",EOMONTH("01/01/2024",4),"Juni",EOMONTH("01/01/2024",5),"Juli",EOMONTH("01/01/2024",6),"Agustus",EOMONTH("01/01/2024",7),"September",EOMONTH("01/01/2024",8),"Oktober",EOMONTH("01/01/2024",9),"November",EOMONTH("01/01/2024",10),"Desember",EOMONTH("01/01/2024",11)),M143) -> 45694 | X143: =VLOOKUP(CONCATENATE(C143,D143),'Honor 2025'!A:D,4,FALSE) -> 1944000
A144: =U144&"-"&COUNTIF(U$2:U144,U144) -> Adhan Yeremia AlhasniFebruari-1 | B144: =CONCATENATE(F144,D144,E144) -> Ricky, A.MdFebruariUpdating/Listing SUSENAS MARET 2025 | C144: Adhan Yeremia Alhasni | D144: Februari | E144: Updating/Listing SUSENAS MARET 2025 | F144: Ricky, A.Md | G144: =H144*J144 -> 170000 | H144: 170000 | I144: Dok | J144: 1 | K144: 2906.BMA.006.005.A.521213 | L144: 45689 | M144: 45694 | N144: =_xludf.IFNA(IF(X144>3530000,3530000-X144,""),"") -> #NAME? | R144: {=VLOOKUP(C144,DB!A:D,2,FALSE)} -> Lingkungan 2 Kelurahan Manado Tua Satu | S144: {=VLOOKUP(C144,DB!A:D,3,FALSE)} -> dewikasehung1987@gmail.com | T144: CARA MEMILIH TANGGAL DENGAN KLIK 2 KALI PADA CELL | U144: =CONCATENATE(C144,D144) -> Adhan Yeremia AlhasniFebruari | V144: =IF(M144="",_xludf.SWITCH(D144,"Januari",EOMONTH("01/01/2024",0),"Februari",EOMONTH("01/01/2024",1),"Maret",EOMONTH("01/01/2024",2),"April",EOMONTH("01/01/2024",3),"Mei",EOMONTH("01/01/2024",4),"Juni",EOMONTH("01/01/2024",5),"Juli",EOMONTH("01/01/2024",6),"Agustus",EOMONTH("01/01/2024",7),"September",EOMONTH("01/01/2024",8),"Oktober",EOMONTH("01/01/2024",9),"November",EOMONTH("01/01/2024",10),"Desember",EOMONTH("01/01/2024",11)),M144) -> 45694 | X144: =VLOOKUP(CONCATENATE(C144,D144),'Honor 2025'!A:D,4,FALSE) -> 2310000
A145: =U145&"-"&COUNTIF(U$2:U145,U145) -> Alvani Bregina NgongoloyFebruari-1 | B145: =CONCATENATE(F145,D145,E145) -> Weny Fitrah Anwari, S.Tr.Stat.FebruariUpdating/Listing SUSENAS MARET 2025 | C145: Alvani Bregina Ngongoloy | D145: Februari | E145: Updating/Listing SUSENAS MARET 2025 | F145: Weny Fitrah Anwari, S.Tr.Stat. | G145: =H145*J145 -> 170000 | H145: 170000 | I145: Dok | J145: 1 | K145: 2906.BMA.006.005.A.521213 | L145: 45689 | M145: 45694 | N145: =_xludf.IFNA(IF(X145>3530000,3530000-X145,""),"") -> #NAME? | R145: {=VLOOKUP(C145,DB!A:D,2,FALSE)} -> Kelurahan Ranotana Weru Lingkunan 3 | S145: {=VLOOKUP(C145,DB!A:D,3,FALSE)} -> Figliogina05@gmail.com | T145: CARA MEMILIH TANGGAL DENGAN KLIK 2 KALI PADA CELL | U145: =CONCATENATE(C145,D145) -> Alvani Bregina NgongoloyFebruari | V145: =IF(M145="",_xludf.SWITCH(D145,"Januari",EOMONTH("01/01/2024",0),"Februari",EOMONTH("01/01/2024",1),"Maret",EOMONTH("01/01/2024",2),"April",EOMONTH("01/01/2024",3),"Mei",EOMONTH("01/01/2024",4),"Juni",EOMONTH("01/01/2024",5),"Juli",EOMONTH("01/01/2024",6),"Agustus",EOMONTH("01/01/2024",7),"September",EOMONTH("01/01/2024",8),"Oktober",EOMONTH("01/01/2024",9),"November",EOMONTH("01/01/2024",10),"Desember",EOMONTH("01/01/2024",11)),M145) -> 45694 | X145: =VLOOKUP(CONCATENATE(C145,D145),'Honor 2025'!A:D,4,FALSE) -> 2310000
A146: =U146&"-"&COUNTIF(U$2:U146,U146) -> ANGELIA FRANSISCA SUNDAHFebruari-1 | B146: =CONCATENATE(F146,D146,E146) -> Habel Nitalessy, S.Tr.Stat.FebruariUpdating/Listing SUSENAS MARET 2025 | C146: ANGELIA FRANSISCA SUNDAH | D146: Februari | E146: Updating/Listing SUSENAS MARET 2025 | F146: Habel Nitalessy, S.Tr.Stat. | G146: =H146*J146 -> 170000 | H146: 170000 | I146: Dok | J146: 1 | K146: 2906.BMA.006.005.A.521213 | L146: 45689 | M146: 45694 | N146: =_xludf.IFNA(IF(X146>3530000,3530000-X146,""),"") -> #NAME? | R146: {=VLOOKUP(C146,DB!A:D,2,FALSE)} -> Kelurahan Islam lingkungan 3 no.88 | S146: {=VLOOKUP(C146,DB!A:D,3,FALSE)} -> angeliasundah03@gmail.com | T146: CARA MEMILIH TANGGAL DENGAN KLIK 2 KALI PADA CELL | U146: =CONCATENATE(C146,D146) -> ANGELIA FRANSISCA SUNDAHFebruari | V146: =IF(M146="",_xludf.SWITCH(D146,"Januari",EOMONTH("01/01/2024",0),"Februari",EOMONTH("01/01/2024",1),"Maret",EOMONTH("01/01/2024",2),"April",EOMONTH("01/01/2024",3),"Mei",EOMONTH("01/01/2024",4),"Juni",EOMONTH("01/01/2024",5),"Juli",EOMONTH("01/01/2024",6),"Agustus",EOMONTH("01/01/2024",7),"September",EOMONTH("01/01/2024",8),"Oktober",EOMONTH("01/01/2024",9),"November",EOMONTH("01/01/2024",10),"Desember",EOMONTH("01/01/2024",11)),M146) -> 45694 | X146: =VLOOKUP(CONCATENATE(C146,D146),'Honor 2025'!A:D,4,FALSE) -> 2310000
A147: =U147&"-"&COUNTIF(U$2:U147,U147) -> Cynthia Josephina Simei KawatakFebruari-1 | B147: =CONCATENATE(F147,D147,E147) -> Anis Karimah, S.Tr.Stat.FebruariUpdating/Listing SUSENAS MARET 2025 | C147: Cynthia Josephina Simei Kawatak | D147: Februari | E147: Updating/Listing SUSENAS MARET 2025 | F147: Anis Karimah, S.Tr.Stat. | G147: =H147*J147 -> 170000 | H147: 170000 | I147: Dok | J147: 1 | K147: 2906.BMA.006.005.A.521213 | L147: 45689 | M147: 45694 | N147: =_xludf.IFNA(IF(X147>3530000,3530000-X147,""),"") -> #NAME? | R147: {=VLOOKUP(C147,DB!A:D,2,FALSE)} -> Lingkungan 3 Kelurahan Tikala Ares | S147: {=VLOOKUP(C147,DB!A:D,3,FALSE)} -> cynthiakawatak36@gmail.com | T147: CARA MEMILIH TANGGAL DENGAN KLIK 2 KALI PADA CELL | U147: =CONCATENATE(C147,D147) -> Cynthia Josephina Simei KawatakFebruari | V147: =IF(M147="",_xludf.SWITCH(D147,"Januari",EOMONTH("01/01/2024",0),"Februari",EOMONTH("01/01/2024",1),"Maret",EOMONTH("01/01/2024",2),"April",EOMONTH("01/01/2024",3),"Mei",EOMONTH("01/01/2024",4),"Juni",EOMONTH("01/01/2024",5),"Juli",EOMONTH("01/01/2024",6),"Agustus",EOMONTH("01/01/2024",7),"September",EOMONTH("01/01/2024",8),"Oktober",EOMONTH("01/01/2024",9),"November",EOMONTH("01/01/2024",10),"Desember",EOMONTH("01/01/2024",11)),M147) -> 45694 | X147: =VLOOKUP(CONCATENATE(C147,D147),'Honor 2025'!A:D,4,FALSE) -> 2310000
A148: =U148&"-"&COUNTIF(U$2:U148,U148) -> David Christian Philip RugianFebruari-1 | B148: =CONCATENATE(F148,D148,E148) -> Rikky Marco Williem Jotam RugianFebruariUpdating/Listing SUSENAS MARET 2025 | C148: David Christian Philip Rugian | D148: Februari | E148: Updating/Listing SUSENAS MARET 2025 | F148: Rikky Marco Williem Jotam Rugian | G148: =H148*J148 -> 170000 | H148: 170000 | I148: Dok | J148: 1 | K148: 2906.BMA.006.005.A.521213 | L148: 45689 | M148: 45694 | N148: =_xludf.IFNA(IF(X148>3530000,3530000-X148,""),"") -> #NAME? | R148: {=VLOOKUP(C148,DB!A:D,2,FALSE)} -> Teling atas lingkungan 1 | S148: {=VLOOKUP(C148,DB!A:D,3,FALSE)} -> davidphiliprg81@gmail.com | T148: CARA MEMILIH TANGGAL DENGAN KLIK 2 KALI PADA CELL | U148: =CONCATENATE(C148,D148) -> David Christian Philip RugianFebruari | V148: =IF(M148="",_xludf.SWITCH(D148,"Januari",EOMONTH("01/01/2024",0),"Februari",EOMONTH("01/01/2024",1),"Maret",EOMONTH("01/01/2024",2),"April",EOMONTH("01/01/2024",3),"Mei",EOMONTH("01/01/2024",4),"Juni",EOMONTH("01/01/2024",5),"Juli",EOMONTH("01/01/2024",6),"Agustus",EOMONTH("01/01/2024",7),"September",EOMONTH("01/01/2024",8),"Oktober",EOMONTH("01/01/2024",9),"November",EOMONTH("01/01/2024",10),"Desember",EOMONTH("01/01/2024",11)),M148) -> 45694 | X148: =VLOOKUP(CONCATENATE(C148,D148),'Honor 2025'!A:D,4,FALSE) -> 2750000
A149: =U149&"-"&COUNTIF(U$2:U149,U149) -> Deasy Anita Novaleth MuajaFebruari-1 | B149: =CONCATENATE(F149,D149,E149) -> Anis Karimah, S.Tr.Stat.FebruariUpdating/Listing SUSENAS MARET 2025 | C149: Deasy Anita Novaleth Muaja | D149: Februari | E149: Updating/Listing SUSENAS MARET 2025 | F149: Anis Karimah, S.Tr.Stat. | G149: =H149*J149 -> 170000 | H149: 170000 | I149: Dok | J149: 1 | K149: 2906.BMA.006.005.A.521213 | L149: 45689 | M149: 45694 | N149: =_xludf.IFNA(IF(X149>3530000,3530000-X149,""),"") -> #NAME? | R149: {=VLOOKUP(C149,DB!A:D,2,FALSE)} -> Jalan Yos Sudarso Lingkungan 2 Kompleks Perumahan TNI AL | S149: {=VLOOKUP(C149,DB!A:D,3,FALSE)} -> deasymuaja@gmail.com | T149: CARA MEMILIH TANGGAL DENGAN KLIK 2 KALI PADA CELL | U149: =CONCATENATE(C149,D149) -> Deasy Anita Novaleth MuajaFebruari | V149: =IF(M149="",_xludf.SWITCH(D149,"Januari",EOMONTH("01/01/2024",0),"Februari",EOMONTH("01/01/2024",1),"Maret",EOMONTH("01/01/2024",2),"April",EOMONTH("01/01/2024",3),"Mei",EOMONTH("01/01/2024",4),"Juni",EOMONTH("01/01/2024",5),"Juli",EOMONTH("01/01/2024",6),"Agustus",EOMONTH("01/01/2024",7),"September",EOMONTH("01/01/2024",8),"Oktober",EOMONTH("01/01/2024",9),"November",EOMONTH("01/01/2024",10),"Desember",EOMONTH("01/01/2024",11)),M149) -> 45694 | X149: =VLOOKUP(CONCATENATE(C149,D149),'Honor 2025'!A:D,4,FALSE) -> 2310000
A150: =U150&"-"&COUNTIF(U$2:U150,U150) -> Djurnia TumalotoFebruari-1 | B150: =CONCATENATE(F150,D150,E150) -> Nik'mahFebruariUpdating/Listing SUSENAS MARET 2025 | C150: Djurnia Tumaloto | D150: Februari | E150: Updating/Listing SUSENAS MARET 2025 | F150: Nik'mah | G150: =H150*J150 -> 170000 | H150: 170000 | I150: Dok | J150: 1 | K150: 2906.BMA.006.005.A.521213 | L150: 45689 | M150: 45694 | N150: =_xludf.IFNA(IF(X150>3530000,3530000-X150,""),"") -> #NAME? | R150: {=VLOOKUP(C150,DB!A:D,2,FALSE)} -> Karame lingkungan 5 | S150: {=VLOOKUP(C150,DB!A:D,3,FALSE)} -> djurniatumaloto@gmail.com | T150: CARA MEMILIH TANGGAL DENGAN KLIK 2 KALI PADA CELL | U150: =CONCATENATE(C150,D150) -> Djurnia TumalotoFebruari | V150: =IF(M150="",_xludf.SWITCH(D150,"Januari",EOMONTH("01/01/2024",0),"Februari",EOMONTH("01/01/2024",1),"Maret",EOMONTH("01/01/2024",2),"April",EOMONTH("01/01/2024",3),"Mei",EOMONTH("01/01/2024",4),"Juni",EOMONTH("01/01/2024",5),"Juli",EOMONTH("01/01/2024",6),"Agustus",EOMONTH("01/01/2024",7),"September",EOMONTH("01/01/2024",8),"Oktober",EOMONTH("01/01/2024",9),"November",EOMONTH("01/01/2024",10),"Desember",EOMONTH("01/01/2024",11)),M150) -> 45694 | X150: =VLOOKUP(CONCATENATE(C150,D150),'Honor 2025'!A:D,4,FALSE) -> 2310000
A151: =U151&"-"&COUNTIF(U$2:U151,U151) -> Ekalita Oktavita AbubakarFebruari-1 | B151: =CONCATENATE(F151,D151,E151) -> Nik'mahFebruariUpdating/Listing SUSENAS MARET 2025 | C151: Ekalita Oktavita Abubakar | D151: Februari | E151: Updating/Listing SUSENAS MARET 2025 | F151: Nik'mah | G151: =H151*J151 -> 170000 | H151: 170000 | I151: Dok | J151: 1 | K151: 2906.BMA.006.005.A.521213 | L151: 45689 | M151: 45694 | N151: =_xludf.IFNA(IF(X151>3530000,3530000-X151,""),"") -> #NAME? | R151: {=VLOOKUP(C151,DB!A:D,2,FALSE)} -> Kelurahan karame lingkungan 5 | S151: {=VLOOKUP(C151,DB!A:D,3,FALSE)} -> abubakarekalita@gmail.com | T151: CARA MEMILIH TANGGAL DENGAN KLIK 2 KALI PADA CELL | U151: =CONCATENATE(C151,D151) -> Ekalita Oktavita AbubakarFebruari | V151: =IF(M151="",_xludf.SWITCH(D151,"Januari",EOMONTH("01/01/2024",0),"Februari",EOMONTH("01/01/2024",1),"Maret",EOMONTH("01/01/2024",2),"April",EOMONTH("01/01/2024",3),"Mei",EOMONTH("01/01/2024",4),"Juni",EOMONTH("01/01/2024",5),"Juli",EOMONTH("01/01/2024",6),"Agustus",EOMONTH("01/01/2024",7),"September",EOMONTH("01/01/2024",8),"Oktober",EOMONTH("01/01/2024",9),"November",EOMONTH("01/01/2024",10),"Desember",EOMONTH("01/01/2024",11)),M151) -> 45694 | X151: =VLOOKUP(CONCATENATE(C151,D151),'Honor 2025'!A:D,4,FALSE) -> 2310000
A152: =U152&"-"&COUNTIF(U$2:U152,U152) -> Grace Angel EndungunaungFebruari-1 | B152: =CONCATENATE(F152,D152,E152) -> Rikky Marco Williem Jotam RugianFebruariUpdating/Listing SUSENAS MARET 2025 | C152: Grace Angel Endungunaung | D152: Februari | E152: Updating/Listing SUSENAS MARET 2025 | F152: Rikky Marco Williem Jotam Rugian | G152: =H152*J152 -> 170000 | H152: 170000 | I152: Dok | J152: 1 | K152: 2906.BMA.006.005.A.521213 | L152: 45689 | M152: 45694 | N152: =_xludf.IFNA(IF(X152>3530000,3530000-X152,""),"") -> #NAME? | R152: {=VLOOKUP(C152,DB!A:D,2,FALSE)} -> Jl.raya molas | S152: {=VLOOKUP(C152,DB!A:D,3,FALSE)} -> nyonyamallo@gmail.com | T152: CARA MEMILIH TANGGAL DENGAN KLIK 2 KALI PADA CELL | U152: =CONCATENATE(C152,D152) -> Grace Angel EndungunaungFebruari | V152: =IF(M152="",_xludf.SWITCH(D152,"Januari",EOMONTH("01/01/2024",0),"Februari",EOMONTH("01/01/2024",1),"Maret",EOMONTH("01/01/2024",2),"April",EOMONTH("01/01/2024",3),"Mei",EOMONTH("01/01/2024",4),"Juni",EOMONTH("01/01/2024",5),"Juli",EOMONTH("01/01/2024",6),"Agustus",EOMONTH("01/01/2024",7),"September",EOMONTH("01/01/2024",8),"Oktober",EOMONTH("01/01/2024",9),"November",EOMONTH("01/01/2024",10),"Desember",EOMONTH("01/01/2024",11)),M152) -> 45694 | X152: =VLOOKUP(CONCATENATE(C152,D152),'Honor 2025'!A:D,4,FALSE) -> 2310000
A153: =U153&"-"&COUNTIF(U$2:U153,U153) -> Julita Christiani Thalia DendengFebruari-1 | B153: =CONCATENATE(F153,D153,E153) -> Deyvi Stella Rumangkang, S.E.FebruariUpdating/Listing SUSENAS MARET 2025 | C153: Julita Christiani Thalia Dendeng | D153: Februari | E153: Updating/Listing SUSENAS MARET 2025 | F153: Deyvi Stella Rumangkang, S.E. | G153: =H153*J153 -> 170000 | H153: 170000 | I153: Dok | J153: 1 | K153: 2906.BMA.006.005.A.521213 | L153: 45689 | M153: 45694 | N153: =_xludf.IFNA(IF(X153>3530000,3530000-X153,""),"") -> #NAME? | R153: {=VLOOKUP(C153,DB!A:D,2,FALSE)} -> Paniki satu lingkungan 1 | S153: {=VLOOKUP(C153,DB!A:D,3,FALSE)} -> dendengjulita11@gmail.com | T153: CARA MEMILIH TANGGAL DENGAN KLIK 2 KALI PADA CELL | U153: =CONCATENATE(C153,D153) -> Julita Christiani Thalia DendengFebruari | V153: =IF(M153="",_xludf.SWITCH(D153,"Januari",EOMONTH("01/01/2024",0),"Februari",EOMONTH("01/01/2024",1),"Maret",EOMONTH("01/01/2024",2),"April",EOMONTH("01/01/2024",3),"Mei",EOMONTH("01/01/2024",4),"Juni",EOMONTH("01/01/2024",5),"Juli",EOMONTH("01/01/2024",6),"Agustus",EOMONTH("01/01/2024",7),"September",EOMONTH("01/01/2024",8),"Oktober",EOMONTH("01/01/2024",9),"November",EOMONTH("01/01/2024",10),"Desember",EOMONTH("01/01/2024",11)),M153) -> 45694 | X153: =VLOOKUP(CONCATENATE(C153,D153),'Honor 2025'!A:D,4,FALSE) -> 2310000
A154: =U154&"-"&COUNTIF(U$2:U154,U154) -> Marian sonia poliiFebruari-1 | B154: =CONCATENATE(F154,D154,E154) -> Habel Nitalessy, S.Tr.Stat.FebruariUpdating/Listing SUSENAS MARET 2025 | C154: Marian sonia polii | D154: Februari | E154: Updating/Listing SUSENAS MARET 2025 | F154: Habel Nitalessy, S.Tr.Stat. | G154: =H154*J154 -> 170000 | H154: 170000 | I154: Dok | J154: 1 | K154: 2906.BMA.006.005.A.521213 | L154: 45689 | M154: 45694 | N154: =_xludf.IFNA(IF(X154>3530000,3530000-X154,""),"") -> #NAME? | R154: {=VLOOKUP(C154,DB!A:D,2,FALSE)} -> Jalan camar iv no 103 | S154: {=VLOOKUP(C154,DB!A:D,3,FALSE)} -> marianpolii7@gmail.com | T154: CARA MEMILIH TANGGAL DENGAN KLIK 2 KALI PADA CELL | U154: =CONCATENATE(C154,D154) -> Marian sonia poliiFebruari | V154: =IF(M154="",_xludf.SWITCH(D154,"Januari",EOMONTH("01/01/2024",0),"Februari",EOMONTH("01/01/2024",1),"Maret",EOMONTH("01/01/2024",2),"April",EOMONTH("01/01/2024",3),"Mei",EOMONTH("01/01/2024",4),"Juni",EOMONTH("01/01/2024",5),"Juli",EOMONTH("01/01/2024",6),"Agustus",EOMONTH("01/01/2024",7),"September",EOMONTH("01/01/2024",8),"Oktober",EOMONTH("01/01/2024",9),"November",EOMONTH("01/01/2024",10),"Desember",EOMONTH("01/01/2024",11)),M154) -> 45694 | X154: =VLOOKUP(CONCATENATE(C154,D154),'Honor 2025'!A:D,4,FALSE) -> 2310000
A155: =U155&"-"&COUNTIF(U$2:U155,U155) -> Meike Marta TuukFebruari-1 | B155: =CONCATENATE(F155,D155,E155) -> Ricky, A.MdFebruariUpdating/Listing SUSENAS MARET 2025 | C155: Meike Marta Tuuk | D155: Februari | E155: Updating/Listing SUSENAS MARET 2025 | F155: Ricky, A.Md | G155: =H155*J155 -> 170000 | H155: 170000 | I155: Dok | J155: 1 | K155: 2906.BMA.006.005.A.521213 | L155: 45689 | M155: 45694 | N155: =_xludf.IFNA(IF(X155>3530000,3530000-X155,""),"") -> #NAME? | R155: {=VLOOKUP(C155,DB!A:D,2,FALSE)} -> Lingkungan 2 Bunaken | S155: {=VLOOKUP(C155,DB!A:D,3,FALSE)} -> franslikawa@gmail.com | T155: CARA MEMILIH TANGGAL DENGAN KLIK 2 KALI PADA CELL | U155: =CONCATENATE(C155,D155) -> Meike Marta TuukFebruari | V155: =IF(M155="",_xludf.SWITCH(D155,"Januari",EOMONTH("01/01/2024",0),"Februari",EOMONTH("01/01/2024",1),"Maret",EOMONTH("01/01/2024",2),"April",EOMONTH("01/01/2024",3),"Mei",EOMONTH("01/01/2024",4),"Juni",EOMONTH("01/01/2024",5),"Juli",EOMONTH("01/01/2024",6),"Agustus",EOMONTH("01/01/2024",7),"September",EOMONTH("01/01/2024",8),"Oktober",EOMONTH("01/01/2024",9),"November",EOMONTH("01/01/2024",10),"Desember",EOMONTH("01/01/2024",11)),M155) -> 45694 | X155: =VLOOKUP(CONCATENATE(C155,D155),'Honor 2025'!A:D,4,FALSE) -> 2310000
... A159: =U159&"-"&COUNTIF(U$2:U159,U159) -> Yuliana Telly LumiFebruari-1 | B159: =CONCATENATE(F159,D159,E159) -> Deyvi Stella Rumangkang, S.E.FebruariUpdating/Listing SUSENAS MARET 2025 | C159: Yuliana Telly Lumi | D159: Februari | E159: Updating/Listing SUSENAS MARET 2025 | F159: Deyvi Stella Rumangkang, S.E. | G159: =H159*J159 -> 170000 | H159: 170000 | I159: Dok | J159: 1 | K159: 2906.BMA.006.005.A.521213 | L159: 45689 | M159: 45694 | N159: =_xludf.IFNA(IF(X159>3530000,3530000-X159,""),"") -> #NAME? | R159: {=VLOOKUP(C159,DB!A:D,2,FALSE)} -> Mapanget Barat Ling VI | S159: {=VLOOKUP(C159,DB!A:D,3,FALSE)} -> tellylumi06@gmail.com | T159: CARA MEMILIH TANGGAL DENGAN KLIK 2 KALI PADA CELL | U159: =CONCATENATE(C159,D159) -> Yuliana Telly LumiFebruari | V159: =IF(M159="",_xludf.SWITCH(D159,"Januari",EOMONTH("01/01/2024",0),"Februari",EOMONTH("01/01/2024",1),"Maret",EOMONTH("01/01/2024",2),"April",EOMONTH("01/01/2024",3),"Mei",EOMONTH("01/01/2024",4),"Juni",EOMONTH("01/01/2024",5),"Juli",EOMONTH("01/01/2024",6),"Agustus",EOMONTH("01/01/2024",7),"September",EOMONTH("01/01/2024",8),"Oktober",EOMONTH("01/01/2024",9),"November",EOMONTH("01/01/2024",10),"Desember",EOMONTH("01/01/2024",11)),M159) -> 45694 | X159: =VLOOKUP(CONCATENATE(C159,D159),'Honor 2025'!A:D,4,FALSE) -> 2310000
A160: =U160&"-"&COUNTIF(U$2:U160,U160) -> Hadidjah ladikuFebruari-2 | B160: =CONCATENATE(F160,D160,E160) -> FebruariSUSENAS Maret 2025 | C160: Hadidjah ladiku | D160: Februari | E160: SUSENAS Maret 2025 | G160: =H160*J160 -> 2560000 | H160: 128000 | I160: Dok | J160: 20 | K160: 2906.BMA.006.005.A.521213 | L160: 45696 | M160: 45715 | N160: =_xludf.IFNA(IF(X160>3530000,3530000-X160,""),"") -> #NAME? | R160: {=VLOOKUP(C160,DB!A:D,2,FALSE)} -> Jln beringin | S160: {=VLOOKUP(C160,DB!A:D,3,FALSE)} -> hadidjahladiku@gmail.com | T160: CARA MEMILIH TANGGAL DENGAN KLIK 2 KALI PADA CELL | U160: =CONCATENATE(C160,D160) -> Hadidjah ladikuFebruari | V160: =IF(M160="",_xludf.SWITCH(D160,"Januari",EOMONTH("01/01/2024",0),"Februari",EOMONTH("01/01/2024",1),"Maret",EOMONTH("01/01/2024",2),"April",EOMONTH("01/01/2024",3),"Mei",EOMONTH("01/01/2024",4),"Juni",EOMONTH("01/01/2024",5),"Juli",EOMONTH("01/01/2024",6),"Agustus",EOMONTH("01/01/2024",7),"September",EOMONTH("01/01/2024",8),"Oktober",EOMONTH("01/01/2024",9),"November",EOMONTH("01/01/2024",10),"Desember",EOMONTH("01/01/2024",11)),M160) -> 45715 | X160: =VLOOKUP(CONCATENATE(C160,D160),'Honor 2025'!A:D,4,FALSE) -> 2900000
A161: =U161&"-"&COUNTIF(U$2:U161,U161) -> Hertje ManumpilFebruari-2 | B161: =CONCATENATE(F161,D161,E161) -> FebruariSUSENAS Maret 2025 | C161: Hertje Manumpil | D161: Februari | E161: SUSENAS Maret 2025 | G161: =H161*J161 -> 2560000 | H161: 128000 | I161: Dok | J161: 20 | K161: 2906.BMA.006.005.A.521213 | L161: 45696 | M161: 45715 | N161: =_xludf.IFNA(IF(X161>3530000,3530000-X161,""),"") -> #NAME? | R161: {=VLOOKUP(C161,DB!A:D,2,FALSE)} -> Tanjung Batu Lingkungan 5 | S161: {=VLOOKUP(C161,DB!A:D,3,FALSE)} -> manumpilhertje@gmail.com | T161: CARA MEMILIH TANGGAL DENGAN KLIK 2 KALI PADA CELL | U161: =CONCATENATE(C161,D161) -> Hertje ManumpilFebruari | V161: =IF(M161="",_xludf.SWITCH(D161,"Januari",EOMONTH("01/01/2024",0),"Februari",EOMONTH("01/01/2024",1),"Maret",EOMONTH("01/01/2024",2),"April",EOMONTH("01/01/2024",3),"Mei",EOMONTH("01/01/2024",4),"Juni",EOMONTH("01/01/2024",5),"Juli",EOMONTH("01/01/2024",6),"Agustus",EOMONTH("01/01/2024",7),"September",EOMONTH("01/01/2024",8),"Oktober",EOMONTH("01/01/2024",9),"November",EOMONTH("01/01/2024",10),"Desember",EOMONTH("01/01/2024",11)),M161) -> 45715 | X161: =VLOOKUP(CONCATENATE(C161,D161),'Honor 2025'!A:D,4,FALSE) -> 2900000
A162: =U162&"-"&COUNTIF(U$2:U162,U162) -> IRMA NAWIFebruari-2 | B162: =CONCATENATE(F162,D162,E162) -> FebruariSUSENAS Maret 2025 | C162: IRMA NAWI | D162: Februari | E162: SUSENAS Maret 2025 | G162: =H162*J162 -> 2560000 | H162: 128000 | I162: Dok | J162: 20 | K162: 2906.BMA.006.005.A.521213 | L162: 45696 | M162: 45715 | N162: =_xludf.IFNA(IF(X162>3530000,3530000-X162,""),"") -> #NAME? | R162: {=VLOOKUP(C162,DB!A:D,2,FALSE)} -> Jalan Yos Sudarso 7 No 437 Lingkunga VII | S162: {=VLOOKUP(C162,DB!A:D,3,FALSE)} -> irmabayu2588@gmail.com | T162: CARA MEMILIH TANGGAL DENGAN KLIK 2 KALI PADA CELL | U162: =CONCATENATE(C162,D162) -> IRMA NAWIFebruari | V162: =IF(M162="",_xludf.SWITCH(D162,"Januari",EOMONTH("01/01/2024",0),"Februari",EOMONTH("01/01/2024",1),"Maret",EOMONTH("01/01/2024",2),"April",EOMONTH("01/01/2024",3),"Mei",EOMONTH("01/01/2024",4),"Juni",EOMONTH("01/01/2024",5),"Juli",EOMONTH("01/01/2024",6),"Agustus",EOMONTH("01/01/2024",7),"September",EOMONTH("01/01/2024",8),"Oktober",EOMONTH("01/01/2024",9),"November",EOMONTH("01/01/2024",10),"Desember",EOMONTH("01/01/2024",11)),M162) -> 45715 | X162: =VLOOKUP(CONCATENATE(C162,D162),'Honor 2025'!A:D,4,FALSE) -> 2900000
A163: =U163&"-"&COUNTIF(U$2:U163,U163) -> ISMAIL YAMAFebruari-2 | B163: =CONCATENATE(F163,D163,E163) -> Fadila Ahmad, S.Tr.Stat.FebruariSUSENAS Maret 2025 | C163: ISMAIL YAMA | D163: Februari | E163: SUSENAS Maret 2025 | F163: Fadila Ahmad, S.Tr.Stat. | G163: =H163*J163 -> 2560000 | H163: 128000 | I163: Dok | J163: 20 | K163: 2906.BMA.006.005.A.521213 | L163: 45696 | M163: 45715 | N163: =_xludf.IFNA(IF(X163>3530000,3530000-X163,""),"") -> #NAME? | R163: {=VLOOKUP(C163,DB!A:D,2,FALSE)} -> Taman Mapanget raya lingkungan 8 | S163: {=VLOOKUP(C163,DB!A:D,3,FALSE)} -> ismailyama90@gmail.com | T163: CARA MEMILIH TANGGAL DENGAN KLIK 2 KALI PADA CELL | U163: =CONCATENATE(C163,D163) -> ISMAIL YAMAFebruari | V163: =IF(M163="",_xludf.SWITCH(D163,"Januari",EOMONTH("01/01/2024",0),"Februari",EOMONTH("01/01/2024",1),"Maret",EOMONTH("01/01/2024",2),"April",EOMONTH("01/01/2024",3),"Mei",EOMONTH("01/01/2024",4),"Juni",EOMONTH("01/01/2024",5),"Juli",EOMONTH("01/01/2024",6),"Agustus",EOMONTH("01/01/2024",7),"September",EOMONTH("01/01/2024",8),"Oktober",EOMONTH("01/01/2024",9),"November",EOMONTH("01/01/2024",10),"Desember",EOMONTH("01/01/2024",11)),M163) -> 45715 | X163: =VLOOKUP(CONCATENATE(C163,D163),'Honor 2025'!A:D,4,FALSE) -> 3348000
A164: =U164&"-"&COUNTIF(U$2:U164,U164) -> Ivan Christian PurukanFebruari-2 | B164: =CONCATENATE(F164,D164,E164) -> Santi Hayuning Putri S.Tr.Stat.FebruariSUSENAS Maret 2025 | C164: Ivan Christian Purukan | D164: Februari | E164: SUSENAS Maret 2025 | F164: Santi Hayuning Putri S.Tr.Stat. | G164: =H164*J164 -> 2560000 | H164: 128000 | I164: Dok | J164: 20 | K164: 2906.BMA.006.005.A.521213 | L164: 45696 | M164: 45715 | N164: =_xludf.IFNA(IF(X164>3530000,3530000-X164,""),"") -> #NAME? | R164: {=VLOOKUP(C164,DB!A:D,2,FALSE)} -> Lingkungan I | S164: {=VLOOKUP(C164,DB!A:D,3,FALSE)} -> Ivan.kidzz@gmail.com | T164: CARA MEMILIH TANGGAL DENGAN KLIK 2 KALI PADA CELL | U164: =CONCATENATE(C164,D164) -> Ivan Christian PurukanFebruari | V164: =IF(M164="",_xludf.SWITCH(D164,"Januari",EOMONTH("01/01/2024",0),"Februari",EOMONTH("01/01/2024",1),"Maret",EOMONTH("01/01/2024",2),"April",EOMONTH("01/01/2024",3),"Mei",EOMONTH("01/01/2024",4),"Juni",EOMONTH("01/01/2024",5),"Juli",EOMONTH("01/01/2024",6),"Agustus",EOMONTH("01/01/2024",7),"September",EOMONTH("01/01/2024",8),"Oktober",EOMONTH("01/01/2024",9),"November",EOMONTH("01/01/2024",10),"Desember",EOMONTH("01/01/2024",11)),M164) -> 45715 | X164: =VLOOKUP(CONCATENATE(C164,D164),'Honor 2025'!A:D,4,FALSE) -> 2900000
A165: =U165&"-"&COUNTIF(U$2:U165,U165) -> Ivanna Tresnawati SarindatFebruari-2 | B165: =CONCATENATE(F165,D165,E165) -> Lazia Outenty BimbangnaungFebruariSUSENAS Maret 2025 | C165: Ivanna Tresnawati Sarindat | D165: Februari | E165: SUSENAS Maret 2025 | F165: Lazia Outenty Bimbangnaung | G165: =H165*J165 -> 2560000 | H165: 128000 | I165: Dok | J165: 20 | K165: 2906.BMA.006.005.A.521213 | L165: 45696 | M165: 45715 | N165: =_xludf.IFNA(IF(X165>3530000,3530000-X165,""),"") -> #NAME? | R165: {=VLOOKUP(C165,DB!A:D,2,FALSE)} -> Singkil 1 lingkungan satu | S165: {=VLOOKUP(C165,DB!A:D,3,FALSE)} -> sarindativanna85@gmail.com | T165: CARA MEMILIH TANGGAL DENGAN KLIK 2 KALI PADA CELL | U165: =CONCATENATE(C165,D165) -> Ivanna Tresnawati SarindatFebruari | V165: =IF(M165="",_xludf.SWITCH(D165,"Januari",EOMONTH("01/01/2024",0),"Februari",EOMONTH("01/01/2024",1),"Maret",EOMONTH("01/01/2024",2),"April",EOMONTH("01/01/2024",3),"Mei",EOMONTH("01/01/2024",4),"Juni",EOMONTH("01/01/2024",5),"Juli",EOMONTH("01/01/2024",6),"Agustus",EOMONTH("01/01/2024",7),"September",EOMONTH("01/01/2024",8),"Oktober",EOMONTH("01/01/2024",9),"November",EOMONTH("01/01/2024",10),"Desember",EOMONTH("01/01/2024",11)),M165) -> 45715 | X165: =VLOOKUP(CONCATENATE(C165,D165),'Honor 2025'!A:D,4,FALSE) -> 2730000
A166: =U166&"-"&COUNTIF(U$2:U166,U166) -> Jeffry Robby TumiwaFebruari-2 | B166: =CONCATENATE(F166,D166,E166) -> Vonny Joice Lalujan, SEFebruariSUSENAS Maret 2025 | C166: Jeffry Robby Tumiwa | D166: Februari | E166: SUSENAS Maret 2025 | F166: Vonny Joice Lalujan, SE | G166: =H166*J166 -> 2560000 | H166: 128000 | I166: Dok | J166: 20 | K166: 2906.BMA.006.005.A.521213 | L166: 45696 | M166: 45715 | N166: =_xludf.IFNA(IF(X166>3530000,3530000-X166,""),"") -> #NAME? | R166: {=VLOOKUP(C166,DB!A:D,2,FALSE)} -> Sario Tumpaan Lingkungan 1 | S166: {=VLOOKUP(C166,DB!A:D,3,FALSE)} -> geoffrey1868@gmail.com | T166: CARA MEMILIH TANGGAL DENGAN KLIK 2 KALI PADA CELL | U166: =CONCATENATE(C166,D166) -> Jeffry Robby TumiwaFebruari | V166: =IF(M166="",_xludf.SWITCH(D166,"Januari",EOMONTH("01/01/2024",0),"Februari",EOMONTH("01/01/2024",1),"Maret",EOMONTH("01/01/2024",2),"April",EOMONTH("01/01/2024",3),"Mei",EOMONTH("01/01/2024",4),"Juni",EOMONTH("01/01/2024",5),"Juli",EOMONTH("01/01/2024",6),"Agustus",EOMONTH("01/01/2024",7),"September",EOMONTH("01/01/2024",8),"Oktober",EOMONTH("01/01/2024",9),"November",EOMONTH("01/01/2024",10),"Desember",EOMONTH("01/01/2024",11)),M166) -> 45715 | X166: =VLOOKUP(CONCATENATE(C166,D166),'Honor 2025'!A:D,4,FALSE) -> 2900000
A167: =U167&"-"&COUNTIF(U$2:U167,U167) -> Juli Jein KaemungFebruari-2 | B167: =CONCATENATE(F167,D167,E167) -> FebruariSUSENAS Maret 2025 | C167: Juli Jein Kaemung | D167: Februari | E167: SUSENAS Maret 2025 | G167: =H167*J167 -> 2560000 | H167: 128000 | I167: Dok | J167: 20 | K167: 2906.BMA.006.005.A.521213 | L167: 45696 | M167: 45715 | N167: =_xludf.IFNA(IF(X167>3530000,3530000-X167,""),"") -> #NAME? | R167: {=VLOOKUP(C167,DB!A:D,2,FALSE)} -> Kelurahan Kima Atas Lingkungan 1 | S167: {=VLOOKUP(C167,DB!A:D,3,FALSE)} -> jullykaemung@gmail.com | T167: CARA MEMILIH TANGGAL DENGAN KLIK 2 KALI PADA CELL | U167: =CONCATENATE(C167,D167) -> Juli Jein KaemungFebruari | V167: =IF(M167="",_xludf.SWITCH(D167,"Januari",EOMONTH("01/01/2024",0),"Februari",EOMONTH("01/01/2024",1),"Maret",EOMONTH("01/01/2024",2),"April",EOMONTH("01/01/2024",3),"Mei",EOMONTH("01/01/2024",4),"Juni",EOMONTH("01/01/2024",5),"Juli",EOMONTH("01/01/2024",6),"Agustus",EOMONTH("01/01/2024",7),"September",EOMONTH("01/01/2024",8),"Oktober",EOMONTH("01/01/2024",9),"November",EOMONTH("01/01/2024",10),"Desember",EOMONTH("01/01/2024",11)),M167) -> 45715 | X167: =VLOOKUP(CONCATENATE(C167,D167),'Honor 2025'!A:D,4,FALSE) -> 2900000
A168: =U168&"-"&COUNTIF(U$2:U168,U168) -> MARLIN TELMA OCTAVIA KARIOFebruari-2 | B168: =CONCATENATE(F168,D168,E168) -> FebruariSUSENAS Maret 2025 | C168: MARLIN TELMA OCTAVIA KARIO | D168: Februari | E168: SUSENAS Maret 2025 | G168: =H168*J168 -> 2560000 | H168: 128000 | I168: Dok | J168: 20 | K168: 2906.BMA.006.005.A.521213 | L168: 45696 | M168: 45715 | N168: =_xludf.IFNA(IF(X168>3530000,3530000-X168,""),"") -> #NAME? | R168: {=VLOOKUP(C168,DB!A:D,2,FALSE)} -> Jl Sam ratulangi 21 | S168: {=VLOOKUP(C168,DB!A:D,3,FALSE)} -> Kariomarlin@gmail.com | T168: CARA MEMILIH TANGGAL DENGAN KLIK 2 KALI PADA CELL | U168: =CONCATENATE(C168,D168) -> MARLIN TELMA OCTAVIA KARIOFebruari | V168: =IF(M168="",_xludf.SWITCH(D168,"Januari",EOMONTH("01/01/2024",0),"Februari",EOMONTH("01/01/2024",1),"Maret",EOMONTH("01/01/2024",2),"April",EOMONTH("01/01/2024",3),"Mei",EOMONTH("01/01/2024",4),"Juni",EOMONTH("01/01/2024",5),"Juli",EOMONTH("01/01/2024",6),"Agustus",EOMONTH("01/01/2024",7),"September",EOMONTH("01/01/2024",8),"Oktober",EOMONTH("01/01/2024",9),"November",EOMONTH("01/01/2024",10),"Desember",EOMONTH("01/01/2024",11)),M168) -> 45715 | X168: =VLOOKUP(CONCATENATE(C168,D168),'Honor 2025'!A:D,4,FALSE) -> 3348000
...

Sheet Honor 2025
A1: Helper | B1: Nama | C1: Bulan | D1: Honor | E1: BATAS | F1: TGL TERAKHIR KONTRAK
A2: =CONCATENATE(B2,C2) -> Adhan Yeremia AlhasniJanuari | B2: Adhan Yeremia Alhasni | C2: Januari | D2: =SUMIFS('Data Alokasi Mitra per Bulan'!G:G,'Data Alokasi Mitra per Bulan'!C:C,B2,'Data Alokasi Mitra per Bulan'!D:D,C2) -> 0 | E2: =IF(D2>3530000,"MELEWATI BATAS HONOR","Dibawah Batas Honor") -> Dibawah Batas Honor | F2: =IF(_xludf.MAXifs('Data Alokasi Mitra per Bulan'!V:V,'Data Alokasi Mitra per Bulan'!C:C,B2,'Data Alokasi Mitra per Bulan'!D:D,C2)=0,G2,IF(YEAR(_xludf.MAXifs('Data Alokasi Mitra per Bulan'!V:V,'Data Alokasi Mitra per Bulan'!C:C,B2,'Data Alokasi Mitra per Bulan'!D:D,C2))=2024,G2,_xludf.MAXifs('Data Alokasi Mitra per Bulan'!V:V,'Data Alokasi Mitra per Bulan'!C:C,B2,'Data Alokasi Mitra per Bulan'!D:D,C2))) -> #NAME? | G2: =EOMONTH("1/1/2025",0) -> 45688
A3: =CONCATENATE(B3,C3) -> Adriana TandajuJanuari | B3: Adriana Tandaju | C3: Januari | D3: =SUMIFS('Data Alokasi Mitra per Bulan'!G:G,'Data Alokasi Mitra per Bulan'!C:C,B3,'Data Alokasi Mitra per Bulan'!D:D,C3) -> 1949000 | E3: =IF(D3>3530000,"MELEWATI BATAS HONOR","Dibawah Batas Honor") -> Dibawah Batas Honor | F3: =IF(_xludf.MAXifs('Data Alokasi Mitra per Bulan'!V:V,'Data Alokasi Mitra per Bulan'!C:C,B3,'Data Alokasi Mitra per Bulan'!D:D,C3)=0,G3,IF(YEAR(_xludf.MAXifs('Data Alokasi Mitra per Bulan'!V:V,'Data Alokasi Mitra per Bulan'!C:C,B3,'Data Alokasi Mitra per Bulan'!D:D,C3))=2024,G3,_xludf.MAXifs('Data Alokasi Mitra per Bulan'!V:V,'Data Alokasi Mitra per Bulan'!C:C,B3,'Data Alokasi Mitra per Bulan'!D:D,C3))) -> #NAME? | G3: =EOMONTH("1/1/2025",0) -> 45688
A4: =CONCATENATE(B4,C4) -> AGUSTINTJE MAKAHANAPJanuari | B4: AGUSTINTJE MAKAHANAP | C4: Januari | D4: =SUMIFS('Data Alokasi Mitra per Bulan'!G:G,'Data Alokasi Mitra per Bulan'!C:C,B4,'Data Alokasi Mitra per Bulan'!D:D,C4) -> 1155000 | E4: =IF(D4>3530000,"MELEWATI BATAS HONOR","Dibawah Batas Honor") -> Dibawah Batas Honor | F4: =IF(_xludf.MAXifs('Data Alokasi Mitra per Bulan'!V:V,'Data Alokasi Mitra per Bulan'!C:C,B4,'Data Alokasi Mitra per Bulan'!D:D,C4)=0,G4,IF(YEAR(_xludf.MAXifs('Data Alokasi Mitra per Bulan'!V:V,'Data Alokasi Mitra per Bulan'!C:C,B4,'Data Alokasi Mitra per Bulan'!D:D,C4))=2024,G4,_xludf.MAXifs('Data Alokasi Mitra per Bulan'!V:V,'Data Alokasi Mitra per Bulan'!C:C,B4,'Data Alokasi Mitra per Bulan'!D:D,C4))) -> #NAME? | G4: =EOMONTH("1/1/2025",0) -> 45688
A5: =CONCATENATE(B5,C5) -> Alice lady diana mantiriJanuari | B5: Alice lady diana mantiri | C5: Januari | D5: =SUMIFS('Data Alokasi Mitra per Bulan'!G:G,'Data Alokasi Mitra per Bulan'!C:C,B5,'Data Alokasi Mitra per Bulan'!D:D,C5) -> 0 | E5: =IF(D5>3530000,"MELEWATI BATAS HONOR","Dibawah Batas Honor") -> Dibawah Batas Honor | F5: =IF(_xludf.MAXifs('Data Alokasi Mitra per Bulan'!V:V,'Data Alokasi Mitra per Bulan'!C:C,B5,'Data Alokasi Mitra per Bulan'!D:D,C5)=0,G5,IF(YEAR(_xludf.MAXifs('Data Alokasi Mitra per Bulan'!V:V,'Data Alokasi Mitra per Bulan'!C:C,B5,'Data Alokasi Mitra per Bulan'!D:D,C5))=2024,G5,_xludf.MAXifs('Data Alokasi Mitra per Bulan'!V:V,'Data Alokasi Mitra per Bulan'!C:C,B5,'Data Alokasi Mitra per Bulan'!D:D,C5))) -> #NAME? | G5: =EOMONTH("1/1/2025",0) -> 45688
A6: =CONCATENATE(B6,C6) -> Alvani Bregina NgongoloyJanuari | B6: Alvani Bregina Ngongoloy | C6: Januari | D6: =SUMIFS('Data Alokasi Mitra per Bulan'!G:G,'Data Alokasi Mitra per Bulan'!C:C,B6,'Data Alokasi Mitra per Bulan'!D:D,C6) -> 1458000 | E6: =IF(D6>3530000,"MELEWATI BATAS HONOR","Dibawah Batas Honor") -> Dibawah Batas Honor | F6: =IF(_xludf.MAXifs('Data Alokasi Mitra per Bulan'!V:V,'Data Alokasi Mitra per Bulan'!C:C,B6,'Data Alokasi Mitra per Bulan'!D:D,C6)=0,G6,IF(YEAR(_xludf.MAXifs('Data Alokasi Mitra per Bulan'!V:V,'Data Alokasi Mitra per Bulan'!C:C,B6,'Data Alokasi Mitra per Bulan'!D:D,C6))=2024,G6,_xludf.MAXifs('Data Alokasi Mitra per Bulan'!V:V,'Data Alokasi Mitra per Bulan'!C:C,B6,'Data Alokasi Mitra per Bulan'!D:D,C6))) -> #NAME? | G6: =EOMONTH("1/1/2025",0) -> 45688
A7: =CONCATENATE(B7,C7) -> anastasia rany makanaungJanuari | B7: anastasia rany makanaung | C7: Januari | D7: =SUMIFS('Data Alokasi Mitra per Bulan'!G:G,'Data Alokasi Mitra per Bulan'!C:C,B7,'Data Alokasi Mitra per Bulan'!D:D,C7) -> 0 | E7: =IF(D7>3530000,"MELEWATI BATAS HONOR","Dibawah Batas Honor") -> Dibawah Batas Honor | F7: =IF(_xludf.MAXifs('Data Alokasi Mitra per Bulan'!V:V,'Data Alokasi Mitra per Bulan'!C:C,B7,'Data Alokasi Mitra per Bulan'!D:D,C7)=0,G7,IF(YEAR(_xludf.MAXifs('Data Alokasi Mitra per Bulan'!V:V,'Data Alokasi Mitra per Bulan'!C:C,B7,'Data Alokasi Mitra per Bulan'!D:D,C7))=2024,G7,_xludf.MAXifs('Data Alokasi Mitra per Bulan'!V:V,'Data Alokasi Mitra per Bulan'!C:C,B7,'Data Alokasi Mitra per Bulan'!D:D,C7))) -> #NAME? | G7: =EOMONTH("1/1/2025",0) -> 45688
A8: =CONCATENATE(B8,C8) -> Anatasya MasudaraJanuari | B8: Anatasya Masudara | C8: Januari | D8: =SUMIFS('Data Alokasi Mitra per Bulan'!G:G,'Data Alokasi Mitra per Bulan'!C:C,B8,'Data Alokasi Mitra per Bulan'!D:D,C8) -> 0 | E8: =IF(D8>3530000,"MELEWATI BATAS HONOR","Dibawah Batas Honor") -> Dibawah Batas Honor | F8: =IF(_xludf.MAXifs('Data Alokasi Mitra per Bulan'!V:V,'Data Alokasi Mitra per Bulan'!C:C,B8,'Data Alokasi Mitra per Bulan'!D:D,C8)=0,G8,IF(YEAR(_xludf.MAXifs('Data Alokasi Mitra per Bulan'!V:V,'Data Alokasi Mitra per Bulan'!C:C,B8,'Data Alokasi Mitra per Bulan'!D:D,C8))=2024,G8,_xludf.MAXifs('Data Alokasi Mitra per Bulan'!V:V,'Data Alokasi Mitra per Bulan'!C:C,B8,'Data Alokasi Mitra per Bulan'!D:D,C8))) -> #NAME? | G8: =EOMONTH("1/1/2025",0) -> 45688
A9: =CONCATENATE(B9,C9) -> ANGELIA FRANSISCA SUNDAHJanuari | B9: ANGELIA FRANSISCA SUNDAH | C9: Januari | D9: =SUMIFS('Data Alokasi Mitra per Bulan'!G:G,'Data Alokasi Mitra per Bulan'!C:C,B9,'Data Alokasi Mitra per Bulan'!D:D,C9) -> 0 | E9: =IF(D9>3530000,"MELEWATI BATAS HONOR","Dibawah Batas Honor") -> Dibawah Batas Honor | F9: =IF(_xludf.MAXifs('Data Alokasi Mitra per Bulan'!V:V,'Data Alokasi Mitra per Bulan'!C:C,B9,'Data Alokasi Mitra per Bulan'!D:D,C9)=0,G9,IF(YEAR(_xludf.MAXifs('Data Alokasi Mitra per Bulan'!V:V,'Data Alokasi Mitra per Bulan'!C:C,B9,'Data Alokasi Mitra per Bulan'!D:D,C9))=2024,G9,_xludf.MAXifs('Data Alokasi Mitra per Bulan'!V:V,'Data Alokasi Mitra per Bulan'!C:C,B9,'Data Alokasi Mitra per Bulan'!D:D,C9))) -> #NAME? | G9: =EOMONTH("1/1/2025",0) -> 45688
A10: =CONCATENATE(B10,C10) -> Anita A BolungJanuari | B10: Anita A Bolung | C10: Januari | D10: =SUMIFS('Data Alokasi Mitra per Bulan'!G:G,'Data Alokasi Mitra per Bulan'!C:C,B10,'Data Alokasi Mitra per Bulan'!D:D,C10) -> 0 | E10: =IF(D10>3530000,"MELEWATI BATAS HONOR","Dibawah Batas Honor") -> Dibawah Batas Honor | F10: =IF(_xludf.MAXifs('Data Alokasi Mitra per Bulan'!V:V,'Data Alokasi Mitra per Bulan'!C:C,B10,'Data Alokasi Mitra per Bulan'!D:D,C10)=0,G10,IF(YEAR(_xludf.MAXifs('Data Alokasi Mitra per Bulan'!V:V,'Data Alokasi Mitra per Bulan'!C:C,B10,'Data Alokasi Mitra per Bulan'!D:D,C10))=2024,G10,_xludf.MAXifs('Data Alokasi Mitra per Bulan'!V:V,'Data Alokasi Mitra per Bulan'!C:C,B10,'Data Alokasi Mitra per Bulan'!D:D,C10))) -> #NAME? | G10: =EOMONTH("1/1/2025",0) -> 45688
A11: =CONCATENATE(B11,C11) -> Anita Afrianti SemenJanuari | B11: Anita Afrianti Semen | C11: Januari | D11: =SUMIFS('Data Alokasi Mitra per Bulan'!G:G,'Data Alokasi Mitra per Bulan'!C:C,B11,'Data Alokasi Mitra per Bulan'!D:D,C11) -> 0 | E11: =IF(D11>3530000,"MELEWATI BATAS HONOR","Dibawah Batas Honor") -> Dibawah Batas Honor | F11: =IF(_xludf.MAXifs('Data Alokasi Mitra per Bulan'!V:V,'Data Alokasi Mitra per Bulan'!C:C,B11,'Data Alokasi Mitra per Bulan'!D:D,C11)=0,G11,IF(YEAR(_xludf.MAXifs('Data Alokasi Mitra per Bulan'!V:V,'Data Alokasi Mitra per Bulan'!C:C,B11,'Data Alokasi Mitra per Bulan'!D:D,C11))=2024,G11,_xludf.MAXifs('Data Alokasi Mitra per Bulan'!V:V,'Data Alokasi Mitra per Bulan'!C:C,B11,'Data Alokasi Mitra per Bulan'!D:D,C11))) -> #NAME? | G11: =EOMONTH("1/1/2025",0) -> 45688
A12: =CONCATENATE(B12,C12) -> Arief RohmanJanuari | B12: Arief Rohman | C12: Januari | D12: =SUMIFS('Data Alokasi Mitra per Bulan'!G:G,'Data Alokasi Mitra per Bulan'!C:C,B12,'Data Alokasi Mitra per Bulan'!D:D,C12) -> 0 | E12: =IF(D12>3530000,"MELEWATI BATAS HONOR","Dibawah Batas Honor") -> Dibawah Batas Honor | F12: =IF(_xludf.MAXifs('Data Alokasi Mitra per Bulan'!V:V,'Data Alokasi Mitra per Bulan'!C:C,B12,'Data Alokasi Mitra per Bulan'!D:D,C12)=0,G12,IF(YEAR(_xludf.MAXifs('Data Alokasi Mitra per Bulan'!V:V,'Data Alokasi Mitra per Bulan'!C:C,B12,'Data Alokasi Mitra per Bulan'!D:D,C12))=2024,G12,_xludf.MAXifs('Data Alokasi Mitra per Bulan'!V:V,'Data Alokasi Mitra per Bulan'!C:C,B12,'Data Alokasi Mitra per Bulan'!D:D,C12))) -> #NAME? | G12: =EOMONTH("1/1/2025",0) -> 45688
A13: =CONCATENATE(B13,C13) -> ARTHUR CARLOS BOGARJanuari | B13: ARTHUR CARLOS BOGAR | C13: Januari | D13: =SUMIFS('Data Alokasi Mitra per Bulan'!G:G,'Data Alokasi Mitra per Bulan'!C:C,B13,'Data Alokasi Mitra per Bulan'!D:D,C13) -> 954000 | E13: =IF(D13>3530000,"MELEWATI BATAS HONOR","Dibawah Batas Honor") -> Dibawah Batas Honor | F13: =IF(_xludf.MAXifs('Data Alokasi Mitra per Bulan'!V:V,'Data Alokasi Mitra per Bulan'!C:C,B13,'Data Alokasi Mitra per Bulan'!D:D,C13)=0,G13,IF(YEAR(_xludf.MAXifs('Data Alokasi Mitra per Bulan'!V:V,'Data Alokasi Mitra per Bulan'!C:C,B13,'Data Alokasi Mitra per Bulan'!D:D,C13))=2024,G13,_xludf.MAXifs('Data Alokasi Mitra per Bulan'!V:V,'Data Alokasi Mitra per Bulan'!C:C,B13,'Data Alokasi Mitra per Bulan'!D:D,C13))) -> #NAME? | G13: =EOMONTH("1/1/2025",0) -> 45688
... A133: =CONCATENATE(B133,C133) -> Yunita Rahayu Ekaputri AbdjulJanuari | B133: Yunita Rahayu Ekaputri Abdjul | C133: Januari | D133: =SUMIFS('Data Alokasi Mitra per Bulan'!G:G,'Data Alokasi Mitra per Bulan'!C:C,B133,'Data Alokasi Mitra per Bulan'!D:D,C133) -> 0 | E133: =IF(D133>3530000,"MELEWATI BATAS HONOR","Dibawah Batas Honor") -> Dibawah Batas Honor | F133: =IF(_xludf.MAXifs('Data Alokasi Mitra per Bulan'!V:V,'Data Alokasi Mitra per Bulan'!C:C,B133,'Data Alokasi Mitra per Bulan'!D:D,C133)=0,G133,IF(YEAR(_xludf.MAXifs('Data Alokasi Mitra per Bulan'!V:V,'Data Alokasi Mitra per Bulan'!C:C,B133,'Data Alokasi Mitra per Bulan'!D:D,C133))=2024,G133,_xludf.MAXifs('Data Alokasi Mitra per Bulan'!V:V,'Data Alokasi Mitra per Bulan'!C:C,B133,'Data Alokasi Mitra per Bulan'!D:D,C133))) -> #NAME? | G133: =EOMONTH("1/1/2025",0) -> 45688
A134: =CONCATENATE(B134,C134) -> Adhan Yeremia AlhasniFebruari | B134: Adhan Yeremia Alhasni | C134: Februari | D134: =SUMIFS('Data Alokasi Mitra per Bulan'!G:G,'Data Alokasi Mitra per Bulan'!C:C,B134,'Data Alokasi Mitra per Bulan'!D:D,C134) -> 2310000 | E134: =IF(D134>3530000,"MELEWATI BATAS HONOR","Dibawah Batas Honor") -> Dibawah Batas Honor | F134: =IF(_xludf.MAXifs('Data Alokasi Mitra per Bulan'!V:V,'Data Alokasi Mitra per Bulan'!C:C,B134,'Data Alokasi Mitra per Bulan'!D:D,C134)=0,G134,IF(YEAR(_xludf.MAXifs('Data Alokasi Mitra per Bulan'!V:V,'Data Alokasi Mitra per Bulan'!C:C,B134,'Data Alokasi Mitra per Bulan'!D:D,C134))=2024,G134,_xludf.MAXifs('Data Alokasi Mitra per Bulan'!V:V,'Data Alokasi Mitra per Bulan'!C:C,B134,'Data Alokasi Mitra per Bulan'!D:D,C134))) -> #NAME? | G134: =EOMONTH("1/2/2025",0) -> 45716
A135: =CONCATENATE(B135,C135) -> Adriana TandajuFebruari | B135: Adriana Tandaju | C135: Februari | D135: =SUMIFS('Data Alokasi Mitra per Bulan'!G:G,'Data Alokasi Mitra per Bulan'!C:C,B135,'Data Alokasi Mitra per Bulan'!D:D,C135) -> 1904000 | E135: =IF(D135>3530000,"MELEWATI BATAS HONOR","Dibawah Batas Honor") -> Dibawah Batas Honor | F135: =IF(_xludf.MAXifs('Data Alokasi Mitra per Bulan'!V:V,'Data Alokasi Mitra per Bulan'!C:C,B135,'Data Alokasi Mitra per Bulan'!D:D,C135)=0,G135,IF(YEAR(_xludf.MAXifs('Data Alokasi Mitra per Bulan'!V:V,'Data Alokasi Mitra per Bulan'!C:C,B135,'Data Alokasi Mitra per Bulan'!D:D,C135))=2024,G135,_xludf.MAXifs('Data Alokasi Mitra per Bulan'!V:V,'Data Alokasi Mitra per Bulan'!C:C,B135,'Data Alokasi Mitra per Bulan'!D:D,C135))) -> #NAME? | G135: =EOMONTH("1/2/2025",0) -> 45716
A136: =CONCATENATE(B136,C136) -> AGUSTINTJE MAKAHANAPFebruari | B136: AGUSTINTJE MAKAHANAP | C136: Februari | D136: =SUMIFS('Data Alokasi Mitra per Bulan'!G:G,'Data Alokasi Mitra per Bulan'!C:C,B136,'Data Alokasi Mitra per Bulan'!D:D,C136) -> 2900000 | E136: =IF(D136>3530000,"MELEWATI BATAS HONOR","Dibawah Batas Honor") -> Dibawah Batas Honor | F136: =IF(_xludf.MAXifs('Data Alokasi Mitra per Bulan'!V:V,'Data Alokasi Mitra per Bulan'!C:C,B136,'Data Alokasi Mitra per Bulan'!D:D,C136)=0,G136,IF(YEAR(_xludf.MAXifs('Data Alokasi Mitra per Bulan'!V:V,'Data Alokasi Mitra per Bulan'!C:C,B136,'Data Alokasi Mitra per Bulan'!D:D,C136))=2024,G136,_xludf.MAXifs('Data Alokasi Mitra per Bulan'!V:V,'Data Alokasi Mitra per Bulan'!C:C,B136,'Data Alokasi Mitra per Bulan'!D:D,C136))) -> #NAME? | G136: =EOMONTH("1/2/2025",0) -> 45716
A137: =CONCATENATE(B137,C137) -> Alice lady diana mantiriFebruari | B137: Alice lady diana mantiri | C137: Februari | D137: =SUMIFS('Data Alokasi Mitra per Bulan'!G:G,'Data Alokasi Mitra per Bulan'!C:C,B137,'Data Alokasi Mitra per Bulan'!D:D,C137) -> 0 | E137: =IF(D137>3530000,"MELEWATI BATAS HONOR","Dibawah Batas Honor") -> Dibawah Batas Honor | F137: =IF(_xludf.MAXifs('Data Alokasi Mitra per Bulan'!V:V,'Data Alokasi Mitra per Bulan'!C:C,B137,'Data Alokasi Mitra per Bulan'!D:D,C137)=0,G137,IF(YEAR(_xludf.MAXifs('Data Alokasi Mitra per Bulan'!V:V,'Data Alokasi Mitra per Bulan'!C:C,B137,'Data Alokasi Mitra per Bulan'!D:D,C137))=2024,G137,_xludf.MAXifs('Data Alokasi Mitra per Bulan'!V:V,'Data Alokasi Mitra per Bulan'!C:C,B137,'Data Alokasi Mitra per Bulan'!D:D,C137))) -> #NAME? | G137: =EOMONTH("1/2/2025",0) -> 45716
A138: =CONCATENATE(B138,C138) -> Alvani Bregina NgongoloyFebruari | B138: Alvani Bregina Ngongoloy | C138: Februari | D138: =SUMIFS('Data Alokasi Mitra per Bulan'!G:G,'Data Alokasi Mitra per Bulan'!C:C,B138,'Data Alokasi Mitra per Bulan'!D:D,C138) -> 2310000 | E138: =IF(D138>3530000,"MELEWATI BATAS HONOR","Dibawah Batas Honor") -> Dibawah Batas Honor | F138: =IF(_xludf.MAXifs('Data Alokasi Mitra per Bulan'!V:V,'Data Alokasi Mitra per Bulan'!C:C,B138,'Data Alokasi Mitra per Bulan'!D:D,C138)=0,G138,IF(YEAR(_xludf.MAXifs('Data Alokasi Mitra per Bulan'!V:V,'Data Alokasi Mitra per Bulan'!C:C,B138,'Data Alokasi Mitra per Bulan'!D:D,C138))=2024,G138,_xludf.MAXifs('Data Alokasi Mitra per Bulan'!V:V,'Data Alokasi Mitra per Bulan'!C:C,B138,'Data Alokasi Mitra per Bulan'!D:D,C138))) -> #NAME? | G138: =EOMONTH("1/2/2025",0) -> 45716
A139: =CONCATENATE(B139,C139) -> anastasia rany makanaungFebruari | B139: anastasia rany makanaung | C139: Februari | D139: =SUMIFS('Data Alokasi Mitra per Bulan'!G:G,'Data Alokasi Mitra per Bulan'!C:C,B139,'Data Alokasi Mitra per Bulan'!D:D,C139) -> 0 | E139: =IF(D139>3530000,"MELEWATI BATAS HONOR","Dibawah Batas Honor") -> Dibawah Batas Honor | F139: =IF(_xludf.MAXifs('Data Alokasi Mitra per Bulan'!V:V,'Data Alokasi Mitra per Bulan'!C:C,B139,'Data Alokasi Mitra per Bulan'!D:D,C139)=0,G139,IF(YEAR(_xludf.MAXifs('Data Alokasi Mitra per Bulan'!V:V,'Data Alokasi Mitra per Bulan'!C:C,B139,'Data Alokasi Mitra per Bulan'!D:D,C139))=2024,G139,_xludf.MAXifs('Data Alokasi Mitra per Bulan'!V:V,'Data Alokasi Mitra per Bulan'!C:C,B139,'Data Alokasi Mitra per Bulan'!D:D,C139))) -> #NAME? | G139: =EOMONTH("1/2/2025",0) -> 45716
A140: =CONCATENATE(B140,C140) -> Anatasya MasudaraFebruari | B140: Anatasya Masudara | C140: Februari | D140: =SUMIFS('Data Alokasi Mitra per Bulan'!G:G,'Data Alokasi Mitra per Bulan'!C:C,B140,'Data Alokasi Mitra per Bulan'!D:D,C140) -> 0 | E140: =IF(D140>3530000,"MELEWATI BATAS HONOR","Dibawah Batas Honor") -> Dibawah Batas Honor | F140: =IF(_xludf.MAXifs('Data Alokasi Mitra per Bulan'!V:V,'Data Alokasi Mitra per Bulan'!C:C,B140,'Data Alokasi Mitra per Bulan'!D:D,C140)=0,G140,IF(YEAR(_xludf.MAXifs('Data Alokasi Mitra per Bulan'!V:V,'Data Alokasi Mitra per Bulan'!C:C,B140,'Data Alokasi Mitra per Bulan'!D:D,C140))=2024,G140,_xludf.MAXifs('Data Alokasi Mitra per Bulan'!V:V,'Data Alokasi Mitra per Bulan'!C:C,B140,'Data Alokasi Mitra per Bulan'!D:D,C140))) -> #NAME? | G140: =EOMONTH("1/2/2025",0) -> 45716
A141: =CONCATENATE(B141,C141) -> ANGELIA FRANSISCA SUNDAHFebruari | B141: ANGELIA FRANSISCA SUNDAH | C141: Februari | D141: =SUMIFS('Data Alokasi Mitra per Bulan'!G:G,'Data Alokasi Mitra per Bulan'!C:C,B141,'Data Alokasi Mitra per Bulan'!D:D,C141) -> 2310000 | E141: =IF(D141>3530000,"MELEWATI BATAS HONOR","Dibawah Batas Honor") -> Dibawah Batas Honor | F141: =IF(_xludf.MAXifs('Data Alokasi Mitra per Bulan'!V:V,'Data Alokasi Mitra per Bulan'!C:C,B141,'Data Alokasi Mitra per Bulan'!D:D,C141)=0,G141,IF(YEAR(_xludf.MAXifs('Data Alokasi Mitra per Bulan'!V:V,'Data Alokasi Mitra per Bulan'!C:C,B141,'Data Alokasi Mitra per Bulan'!D:D,C141))=2024,G141,_xludf.MAXifs('Data Alokasi Mitra per Bulan'!V:V,'Data Alokasi Mitra per Bulan'!C:C,B141,'Data Alokasi Mitra per Bulan'!D:D,C141))) -> #NAME? | G141: =EOMONTH("1/2/2025",0) -> 45716
A142: =CONCATENATE(B142,C142) -> Anita A BolungFebruari | B142: Anita A Bolung | C142: Februari | D142: =SUMIFS('Data Alokasi Mitra per Bulan'!G:G,'Data Alokasi Mitra per Bulan'!C:C,B142,'Data Alokasi Mitra per Bulan'!D:D,C142) -> 0 | E142: =IF(D142>3530000,"MELEWATI BATAS HONOR","Dibawah Batas Honor") -> Dibawah Batas Honor | F142: =IF(_xludf.MAXifs('Data Alokasi Mitra per Bulan'!V:V,'Data Alokasi Mitra per Bulan'!C:C,B142,'Data Alokasi Mitra per Bulan'!D:D,C142)=0,G142,IF(YEAR(_xludf.MAXifs('Data Alokasi Mitra per Bulan'!V:V,'Data Alokasi Mitra per Bulan'!C:C,B142,'Data Alokasi Mitra per Bulan'!D:D,C142))=2024,G142,_xludf.MAXifs('Data Alokasi Mitra per Bulan'!V:V,'Data Alokasi Mitra per Bulan'!C:C,B142,'Data Alokasi Mitra per Bulan'!D:D,C142))) -> #NAME? | G142: =EOMONTH("1/2/2025",0) -> 45716
A143: =CONCATENATE(B143,C143) -> Anita Afrianti SemenFebruari | B143: Anita Afrianti Semen | C143: Februari | D143: =SUMIFS('Data Alokasi Mitra per Bulan'!G:G,'Data Alokasi Mitra per Bulan'!C:C,B143,'Data Alokasi Mitra per Bulan'!D:D,C143) -> 0 | E143: =IF(D143>3530000,"MELEWATI BATAS HONOR","Dibawah Batas Honor") -> Dibawah Batas Honor | F143: =IF(_xludf.MAXifs('Data Alokasi Mitra per Bulan'!V:V,'Data Alokasi Mitra per Bulan'!C:C,B143,'Data Alokasi Mitra per Bulan'!D:D,C143)=0,G143,IF(YEAR(_xludf.MAXifs('Data Alokasi Mitra per Bulan'!V:V,'Data Alokasi Mitra per Bulan'!C:C,B143,'Data Alokasi Mitra per Bulan'!D:D,C143))=2024,G143,_xludf.MAXifs('Data Alokasi Mitra per Bulan'!V:V,'Data Alokasi Mitra per Bulan'!C:C,B143,'Data Alokasi Mitra per Bulan'!D:D,C143))) -> #NAME? | G143: =EOMONTH("1/2/2025",0) -> 45716
A144: =CONCATENATE(B144,C144) -> Arief RohmanFebruari | B144: Arief Rohman | C144: Februari | D144: =SUMIFS('Data Alokasi Mitra per Bulan'!G:G,'Data Alokasi Mitra per Bulan'!C:C,B144,'Data Alokasi Mitra per Bulan'!D:D,C144) -> 3090000 | E144: =IF(D144>3530000,"MELEWATI BATAS HONOR","Dibawah Batas Honor") -> Dibawah Batas Honor | F144: =IF(_xludf.MAXifs('Data Alokasi Mitra per Bulan'!V:V,'Data Alokasi Mitra per Bulan'!C:C,B144,'Data Alokasi Mitra per Bulan'!D:D,C144)=0,G144,IF(YEAR(_xludf.MAXifs('Data Alokasi Mitra per Bulan'!V:V,'Data Alokasi Mitra per Bulan'!C:C,B144,'Data Alokasi Mitra per Bulan'!D:D,C144))=2024,G144,_xludf.MAXifs('Data Alokasi Mitra per Bulan'!V:V,'Data Alokasi Mitra per Bulan'!C:C,B144,'Data Alokasi Mitra per Bulan'!D:D,C144))) -> #NAME? | G144: =EOMONTH("1/2/2025",0) -> 45716
A145: =CONCATENATE(B145,C145) -> ARTHUR CARLOS BOGARFebruari | B145: ARTHUR CARLOS BOGAR | C145: Februari | D145: =SUMIFS('Data Alokasi Mitra per Bulan'!G:G,'Data Alokasi Mitra per Bulan'!C:C,B145,'Data Alokasi Mitra per Bulan'!D:D,C145) -> 2014000 | E145: =IF(D145>3530000,"MELEWATI BATAS HONOR","Dibawah Batas Honor") -> Dibawah Batas Honor | F145: =IF(_xludf.MAXifs('Data Alokasi Mitra per Bulan'!V:V,'Data Alokasi Mitra per Bulan'!C:C,B145,'Data Alokasi Mitra per Bulan'!D:D,C145)=0,G145,IF(YEAR(_xludf.MAXifs('Data Alokasi Mitra per Bulan'!V:V,'Data Alokasi Mitra per Bulan'!C:C,B145,'Data Alokasi Mitra per Bulan'!D:D,C145))=2024,G145,_xludf.MAXifs('Data Alokasi Mitra per Bulan'!V:V,'Data Alokasi Mitra per Bulan'!C:C,B145,'Data Alokasi Mitra per Bulan'!D:D,C145))) -> #NAME? | G145: =EOMONTH("1/2/2025",0) -> 45716
... A265: =CONCATENATE(B265,C265) -> Yunita Rahayu Ekaputri AbdjulFebruari | B265: Yunita Rahayu Ekaputri Abdjul | C265: Februari | D265: =SUMIFS('Data Alokasi Mitra per Bulan'!G:G,'Data Alokasi Mitra per Bulan'!C:C,B265,'Data Alokasi Mitra per Bulan'!D:D,C265) -> 1944000 | E265: =IF(D265>3530000,"MELEWATI BATAS HONOR","Dibawah Batas Honor") -> Dibawah Batas Honor | F265: =IF(_xludf.MAXifs('Data Alokasi Mitra per Bulan'!V:V,'Data Alokasi Mitra per Bulan'!C:C,B265,'Data Alokasi Mitra per Bulan'!D:D,C265)=0,G265,IF(YEAR(_xludf.MAXifs('Data Alokasi Mitra per Bulan'!V:V,'Data Alokasi Mitra per Bulan'!C:C,B265,'Data Alokasi Mitra per Bulan'!D:D,C265))=2024,G265,_xludf.MAXifs('Data Alokasi Mitra per Bulan'!V:V,'Data Alokasi Mitra per Bulan'!C:C,B265,'Data Alokasi Mitra per Bulan'!D:D,C265))) -> #NAME? | G265: =EOMONTH("1/2/2025",0) -> 45716
A266: =CONCATENATE(B266,C266) -> Adhan Yeremia AlhasniMaret | B266: Adhan Yeremia Alhasni | C266: Maret | D266: =SUMIFS('Data Alokasi Mitra per Bulan'!G:G,'Data Alokasi Mitra per Bulan'!C:C,B266,'Data Alokasi Mitra per Bulan'!D:D,C266) -> 0 | E266: =IF(D266>3530000,"MELEWATI BATAS HONOR","Dibawah Batas Honor") -> Dibawah Batas Honor | F266: =IF(_xludf.MAXifs('Data Alokasi Mitra per Bulan'!V:V,'Data Alokasi Mitra per Bulan'!C:C,B266,'Data Alokasi Mitra per Bulan'!D:D,C266)=0,G266,IF(YEAR(_xludf.MAXifs('Data Alokasi Mitra per Bulan'!V:V,'Data Alokasi Mitra per Bulan'!C:C,B266,'Data Alokasi Mitra per Bulan'!D:D,C266))=2024,G266,_xludf.MAXifs('Data Alokasi Mitra per Bulan'!V:V,'Data Alokasi Mitra per Bulan'!C:C,B266,'Data Alokasi Mitra per Bulan'!D:D,C266))) -> #NAME? | G266: =EOMONTH("1/3/2025",0) -> 45747
A267: =CONCATENATE(B267,C267) -> Adriana TandajuMaret | B267: Adriana Tandaju | C267: Maret | D267: =SUMIFS('Data Alokasi Mitra per Bulan'!G:G,'Data Alokasi Mitra per Bulan'!C:C,B267,'Data Alokasi Mitra per Bulan'!D:D,C267) -> 1904000 | E267: =IF(D267>3530000,"MELEWATI BATAS HONOR","Dibawah Batas Honor") -> Dibawah Batas Honor | F267: =IF(_xludf.MAXifs('Data Alokasi Mitra per Bulan'!V:V,'Data Alokasi Mitra per Bulan'!C:C,B267,'Data Alokasi Mitra per Bulan'!D:D,C267)=0,G267,IF(YEAR(_xludf.MAXifs('Data Alokasi Mitra per Bulan'!V:V,'Data Alokasi Mitra per Bulan'!C:C,B267,'Data Alokasi Mitra per Bulan'!D:D,C267))=2024,G267,_xludf.MAXifs('Data Alokasi Mitra per Bulan'!V:V,'Data Alokasi Mitra per Bulan'!C:C,B267,'Data Alokasi Mitra per Bulan'!D:D,C267))) -> #NAME? | G267: =EOMONTH("1/3/2025",0) -> 45747
A268: =CONCATENATE(B268,C268) -> AGUSTINTJE MAKAHANAPMaret | B268: AGUSTINTJE MAKAHANAP | C268: Maret | D268: =SUMIFS('Data Alokasi Mitra per Bulan'!G:G,'Data Alokasi Mitra per Bulan'!C:C,B268,'Data Alokasi Mitra per Bulan'!D:D,C268) -> 0 | E268: =IF(D268>3530000,"MELEWATI BATAS HONOR","Dibawah Batas Honor") -> Dibawah Batas Honor | F268: =IF(_xludf.MAXifs('Data Alokasi Mitra per Bulan'!V:V,'Data Alokasi Mitra per Bulan'!C:C,B268,'Data Alokasi Mitra per Bulan'!D:D,C268)=0,G268,IF(YEAR(_xludf.MAXifs('Data Alokasi Mitra per Bulan'!V:V,'Data Alokasi Mitra per Bulan'!C:C,B268,'Data Alokasi Mitra per Bulan'!D:D,C268))=2024,G268,_xludf.MAXifs('Data Alokasi Mitra per Bulan'!V:V,'Data Alokasi Mitra per Bulan'!C:C,B268,'Data Alokasi Mitra per Bulan'!D:D,C268))) -> #NAME? | G268: =EOMONTH("1/3/2025",0) -> 45747
A269: =CONCATENATE(B269,C269) -> Alice lady diana mantiriMaret | B269: Alice lady diana mantiri | C269: Maret | D269: =SUMIFS('Data Alokasi Mitra per Bulan'!G:G,'Data Alokasi Mitra per Bulan'!C:C,B269,'Data Alokasi Mitra per Bulan'!D:D,C269) -> 0 | E269: =IF(D269>3530000,"MELEWATI BATAS HONOR","Dibawah Batas Honor") -> Dibawah Batas Honor | F269: =IF(_xludf.MAXifs('Data Alokasi Mitra per Bulan'!V:V,'Data Alokasi Mitra per Bulan'!C:C,B269,'Data Alokasi Mitra per Bulan'!D:D,C269)=0,G269,IF(YEAR(_xludf.MAXifs('Data Alokasi Mitra per Bulan'!V:V,'Data Alokasi Mitra per Bulan'!C:C,B269,'Data Alokasi Mitra per Bulan'!D:D,C269))=2024,G269,_xludf.MAXifs('Data Alokasi Mitra per Bulan'!V:V,'Data Alokasi Mitra per Bulan'!C:C,B269,'Data Alokasi Mitra per Bulan'!D:D,C269))) -> #NAME? | G269: =EOMONTH("1/3/2025",0) -> 45747
A270: =CONCATENATE(B270,C270) -> Alvani Bregina NgongoloyMaret | B270: Alvani Bregina Ngongoloy | C270: Maret | D270: =SUMIFS('Data Alokasi Mitra per Bulan'!G:G,'Data Alokasi Mitra per Bulan'!C:C,B270,'Data Alokasi Mitra per Bulan'!D:D,C270) -> 1452000 | E270: =IF(D270>3530000,"MELEWATI BATAS HONOR","Dibawah Batas Honor") -> Dibawah Batas Honor | F270: =IF(_xludf.MAXifs('Data Alokasi Mitra per Bulan'!V:V,'Data Alokasi Mitra per Bulan'!C:C,B270,'Data Alokasi Mitra per Bulan'!D:D,C270)=0,G270,IF(YEAR(_xludf.MAXifs('Data Alokasi Mitra per Bulan'!V:V,'Data Alokasi Mitra per Bulan'!C:C,B270,'Data Alokasi Mitra per Bulan'!D:D,C270))=2024,G270,_xludf.MAXifs('Data Alokasi Mitra per Bulan'!V:V,'Data Alokasi Mitra per Bulan'!C:C,B270,'Data Alokasi Mitra per Bulan'!D:D,C270))) -> #NAME? | G270: =EOMONTH("1/3/2025",0) -> 45747
A271: =CONCATENATE(B271,C271) -> anastasia rany makanaungMaret | B271: anastasia rany makanaung | C271: Maret | D271: =SUMIFS('Data Alokasi Mitra per Bulan'!G:G,'Data Alokasi Mitra per Bulan'!C:C,B271,'Data Alokasi Mitra per Bulan'!D:D,C271) -> 0 | E271: =IF(D271>3530000,"MELEWATI BATAS HONOR","Dibawah Batas Honor") -> Dibawah Batas Honor | F271: =IF(_xludf.MAXifs('Data Alokasi Mitra per Bulan'!V:V,'Data Alokasi Mitra per Bulan'!C:C,B271,'Data Alokasi Mitra per Bulan'!D:D,C271)=0,G271,IF(YEAR(_xludf.MAXifs('Data Alokasi Mitra per Bulan'!V:V,'Data Alokasi Mitra per Bulan'!C:C,B271,'Data Alokasi Mitra per Bulan'!D:D,C271))=2024,G271,_xludf.MAXifs('Data Alokasi Mitra per Bulan'!V:V,'Data Alokasi Mitra per Bulan'!C:C,B271,'Data Alokasi Mitra per Bulan'!D:D,C271))) -> #NAME? | G271: =EOMONTH("1/3/2025",0) -> 45747
A272: =CONCATENATE(B272,C272) -> Anatasya MasudaraMaret | B272: Anatasya Masudara | C272: Maret | D272: =SUMIFS('Data Alokasi Mitra per Bulan'!G:G,'Data Alokasi Mitra per Bulan'!C:C,B272,'Data Alokasi Mitra per Bulan'!D:D,C272) -> 0 | E272: =IF(D272>3530000,"MELEWATI BATAS HONOR","Dibawah Batas Honor") -> Dibawah Batas Honor | F272: =IF(_xludf.MAXifs('Data Alokasi Mitra per Bulan'!V:V,'Data Alokasi Mitra per Bulan'!C:C,B272,'Data Alokasi Mitra per Bulan'!D:D,C272)=0,G272,IF(YEAR(_xludf.MAXifs('Data Alokasi Mitra per Bulan'!V:V,'Data Alokasi Mitra per Bulan'!C:C,B272,'Data Alokasi Mitra per Bulan'!D:D,C272))=2024,G272,_xludf.MAXifs('Data Alokasi Mitra per Bulan'!V:V,'Data Alokasi Mitra per Bulan'!C:C,B272,'Data Alokasi Mitra per Bulan'!D:D,C272))) -> #NAME? | G272: =EOMONTH("1/3/2025",0) -> 45747
A273: =CONCATENATE(B273,C273) -> ANGELIA FRANSISCA SUNDAHMaret | B273: ANGELIA FRANSISCA SUNDAH | C273: Maret | D273: =SUMIFS('Data Alokasi Mitra per Bulan'!G:G,'Data Alokasi Mitra per Bulan'!C:C,B273,'Data Alokasi Mitra per Bulan'!D:D,C273) -> 0 | E273: =IF(D273>3530000,"MELEWATI BATAS HONOR","Dibawah Batas Honor") -> Dibawah Batas Honor | F273: =IF(_xludf.MAXifs('Data Alokasi Mitra per Bulan'!V:V,'Data Alokasi Mitra per Bulan'!C:C,B273,'Data Alokasi Mitra per Bulan'!D:D,C273)=0,G273,IF(YEAR(_xludf.MAXifs('Data Alokasi Mitra per Bulan'!V:V,'Data Alokasi Mitra per Bulan'!C:C,B273,'Data Alokasi Mitra per Bulan'!D:D,C273))=2024,G273,_xludf.MAXifs('Data Alokasi Mitra per Bulan'!V:V,'Data Alokasi Mitra per Bulan'!C:C,B273,'Data Alokasi Mitra per Bulan'!D:D,C273))) -> #NAME? | G273: =EOMONTH("1/3/2025",0) -> 45747
A274: =CONCATENATE(B274,C274) -> Anita A BolungMaret | B274: Anita A Bolung | C274: Maret | D274: =SUMIFS('Data Alokasi Mitra per Bulan'!G:G,'Data Alokasi Mitra per Bulan'!C:C,B274,'Data Alokasi Mitra per Bulan'!D:D,C274) -> 0 | E274: =IF(D274>3530000,"MELEWATI BATAS HONOR","Dibawah Batas Honor") -> Dibawah Batas Honor | F274: =IF(_xludf.MAXifs('Data Alokasi Mitra per Bulan'!V:V,'Data Alokasi Mitra per Bulan'!C:C,B274,'Data Alokasi Mitra per Bulan'!D:D,C274)=0,G274,IF(YEAR(_xludf.MAXifs('Data Alokasi Mitra per Bulan'!V:V,'Data Alokasi Mitra per Bulan'!C:C,B274,'Data Alokasi Mitra per Bulan'!D:D,C274))=2024,G274,_xludf.MAXifs('Data Alokasi Mitra per Bulan'!V:V,'Data Alokasi Mitra per Bulan'!C:C,B274,'Data Alokasi Mitra per Bulan'!D:D,C274))) -> #NAME? | G274: =EOMONTH("1/3/2025",0) -> 45747
A275: =CONCATENATE(B275,C275) -> Anita Afrianti SemenMaret | B275: Anita Afrianti Semen | C275: Maret | D275: =SUMIFS('Data Alokasi Mitra per Bulan'!G:G,'Data Alokasi Mitra per Bulan'!C:C,B275,'Data Alokasi Mitra per Bulan'!D:D,C275) -> 0 | E275: =IF(D275>3530000,"MELEWATI BATAS HONOR","Dibawah Batas Honor") -> Dibawah Batas Honor | F275: =IF(_xludf.MAXifs('Data Alokasi Mitra per Bulan'!V:V,'Data Alokasi Mitra per Bulan'!C:C,B275,'Data Alokasi Mitra per Bulan'!D:D,C275)=0,G275,IF(YEAR(_xludf.MAXifs('Data Alokasi Mitra per Bulan'!V:V,'Data Alokasi Mitra per Bulan'!C:C,B275,'Data Alokasi Mitra per Bulan'!D:D,C275))=2024,G275,_xludf.MAXifs('Data Alokasi Mitra per Bulan'!V:V,'Data Alokasi Mitra per Bulan'!C:C,B275,'Data Alokasi Mitra per Bulan'!D:D,C275))) -> #NAME? | G275: =EOMONTH("1/3/2025",0) -> 45747
A276: =CONCATENATE(B276,C276) -> Arief RohmanMaret | B276: Arief Rohman | C276: Maret | D276: =SUMIFS('Data Alokasi Mitra per Bulan'!G:G,'Data Alokasi Mitra per Bulan'!C:C,B276,'Data Alokasi Mitra per Bulan'!D:D,C276) -> 0 | E276: =IF(D276>3530000,"MELEWATI BATAS HONOR","Dibawah Batas Honor") -> Dibawah Batas Honor | F276: =IF(_xludf.MAXifs('Data Alokasi Mitra per Bulan'!V:V,'Data Alokasi Mitra per Bulan'!C:C,B276,'Data Alokasi Mitra per Bulan'!D:D,C276)=0,G276,IF(YEAR(_xludf.MAXifs('Data Alokasi Mitra per Bulan'!V:V,'Data Alokasi Mitra per Bulan'!C:C,B276,'Data Alokasi Mitra per Bulan'!D:D,C276))=2024,G276,_xludf.MAXifs('Data Alokasi Mitra per Bulan'!V:V,'Data Alokasi Mitra per Bulan'!C:C,B276,'Data Alokasi Mitra per Bulan'!D:D,C276))) -> #NAME? | G276: =EOMONTH("1/3/2025",0) -> 45747
A277: =CONCATENATE(B277,C277) -> ARTHUR CARLOS BOGARMaret | B277: ARTHUR CARLOS BOGAR | C277: Maret | D277: =SUMIFS('Data Alokasi Mitra per Bulan'!G:G,'Data Alokasi Mitra per Bulan'!C:C,B277,'Data Alokasi Mitra per Bulan'!D:D,C277) -> 1590000 | E277: =IF(D277>3530000,"MELEWATI BATAS HONOR","Dibawah Batas Honor") -> Dibawah Batas Honor | F277: =IF(_xludf.MAXifs('Data Alokasi Mitra per Bulan'!V:V,'Data Alokasi Mitra per Bulan'!C:C,B277,'Data Alokasi Mitra per Bulan'!D:D,C277)=0,G277,IF(YEAR(_xludf.MAXifs('Data Alokasi Mitra per Bulan'!V:V,'Data Alokasi Mitra per Bulan'!C:C,B277,'Data Alokasi Mitra per Bulan'!D:D,C277))=2024,G277,_xludf.MAXifs('Data Alokasi Mitra per Bulan'!V:V,'Data Alokasi Mitra per Bulan'!C:C,B277,'Data Alokasi Mitra per Bulan'!D:D,C277))) -> #NAME? | G277: =EOMONTH("1/3/2025",0) -> 45747
... A397: =CONCATENATE(B397,C397) -> Yunita Rahayu Ekaputri AbdjulMaret | B397: Yunita Rahayu Ekaputri Abdjul | C397: Maret | D397: =SUMIFS('Data Alokasi Mitra per Bulan'!G:G,'Data Alokasi Mitra per Bulan'!C:C,B397,'Data Alokasi Mitra per Bulan'!D:D,C397) -> 0 | E397: =IF(D397>3530000,"MELEWATI BATAS HONOR","Dibawah Batas Honor") -> Dibawah Batas Honor | F397: =IF(_xludf.MAXifs('Data Alokasi Mitra per Bulan'!V:V,'Data Alokasi Mitra per Bulan'!C:C,B397,'Data Alokasi Mitra per Bulan'!D:D,C397)=0,G397,IF(YEAR(_xludf.MAXifs('Data Alokasi Mitra per Bulan'!V:V,'Data Alokasi Mitra per Bulan'!C:C,B397,'Data Alokasi Mitra per Bulan'!D:D,C397))=2024,G397,_xludf.MAXifs('Data Alokasi Mitra per Bulan'!V:V,'Data Alokasi Mitra per Bulan'!C:C,B397,'Data Alokasi Mitra per Bulan'!D:D,C397))) -> #NAME? | G397: =EOMONTH("1/3/2025",0) -> 45747
A398: =CONCATENATE(B398,C398) -> Adhan Yeremia AlhasniApril | B398: Adhan Yeremia Alhasni | C398: April | D398: =SUMIFS('Data Alokasi Mitra per Bulan'!G:G,'Data Alokasi Mitra per Bulan'!C:C,B398,'Data Alokasi Mitra per Bulan'!D:D,C398) -> 0 | E398: =IF(D398>3530000,"MELEWATI BATAS HONOR","Dibawah Batas Honor") -> Dibawah Batas Honor | F398: =IF(_xludf.MAXifs('Data Alokasi Mitra per Bulan'!V:V,'Data Alokasi Mitra per Bulan'!C:C,B398,'Data Alokasi Mitra per Bulan'!D:D,C398)=0,G398,IF(YEAR(_xludf.MAXifs('Data Alokasi Mitra per Bulan'!V:V,'Data Alokasi Mitra per Bulan'!C:C,B398,'Data Alokasi Mitra per Bulan'!D:D,C398))=2024,G398,_xludf.MAXifs('Data Alokasi Mitra per Bulan'!V:V,'Data Alokasi Mitra per Bulan'!C:C,B398,'Data Alokasi Mitra per Bulan'!D:D,C398))) -> #NAME? | G398: =EOMONTH("1/4/2025",0) -> 45777
A399: =CONCATENATE(B399,C399) -> Adriana TandajuApril | B399: Adriana Tandaju | C399: April | D399: =SUMIFS('Data Alokasi Mitra per Bulan'!G:G,'Data Alokasi Mitra per Bulan'!C:C,B399,'Data Alokasi Mitra per Bulan'!D:D,C399) -> 2564000 | E399: =IF(D399>3530000,"MELEWATI BATAS HONOR","Dibawah Batas Honor") -> Dibawah Batas Honor | F399: =IF(_xludf.MAXifs('Data Alokasi Mitra per Bulan'!V:V,'Data Alokasi Mitra per Bulan'!C:C,B399,'Data Alokasi Mitra per Bulan'!D:D,C399)=0,G399,IF(YEAR(_xludf.MAXifs('Data Alokasi Mitra per Bulan'!V:V,'Data Alokasi Mitra per Bulan'!C:C,B399,'Data Alokasi Mitra per Bulan'!D:D,C399))=2024,G399,_xludf.MAXifs('Data Alokasi Mitra per Bulan'!V:V,'Data Alokasi Mitra per Bulan'!C:C,B399,'Data Alokasi Mitra per Bulan'!D:D,C399))) -> #NAME? | G399: =EOMONTH("1/4/2025",0) -> 45777
A400: =CONCATENATE(B400,C400) -> AGUSTINTJE MAKAHANAPApril | B400: AGUSTINTJE MAKAHANAP | C400: April | D400: =SUMIFS('Data Alokasi Mitra per Bulan'!G:G,'Data Alokasi Mitra per Bulan'!C:C,B400,'Data Alokasi Mitra per Bulan'!D:D,C400) -> 0 | E400: =IF(D400>3530000,"MELEWATI BATAS HONOR","Dibawah Batas Honor") -> Dibawah Batas Honor | F400: =IF(_xludf.MAXifs('Data Alokasi Mitra per Bulan'!V:V,'Data Alokasi Mitra per Bulan'!C:C,B400,'Data Alokasi Mitra per Bulan'!D:D,C400)=0,G400,IF(YEAR(_xludf.MAXifs('Data Alokasi Mitra per Bulan'!V:V,'Data Alokasi Mitra per Bulan'!C:C,B400,'Data Alokasi Mitra per Bulan'!D:D,C400))=2024,G400,_xludf.MAXifs('Data Alokasi Mitra per Bulan'!V:V,'Data Alokasi Mitra per Bulan'!C:C,B400,'Data Alokasi Mitra per Bulan'!D:D,C400))) -> #NAME? | G400: =EOMONTH("1/4/2025",0) -> 45777
A401: =CONCATENATE(B401,C401) -> Alice lady diana mantiriApril | B401: Alice lady diana mantiri | C401: April | D401: =SUMIFS('Data Alokasi Mitra per Bulan'!G:G,'Data Alokasi Mitra per Bulan'!C:C,B401,'Data Alokasi Mitra per Bulan'!D:D,C401) -> 0 | E401: =IF(D401>3530000,"MELEWATI BATAS HONOR","Dibawah Batas Honor") -> Dibawah Batas Honor | F401: =IF(_xludf.MAXifs('Data Alokasi Mitra per Bulan'!V:V,'Data Alokasi Mitra per Bulan'!C:C,B401,'Data Alokasi Mitra per Bulan'!D:D,C401)=0,G401,IF(YEAR(_xludf.MAXifs('Data Alokasi Mitra per Bulan'!V:V,'Data Alokasi Mitra per Bulan'!C:C,B401,'Data Alokasi Mitra per Bulan'!D:D,C401))=2024,G401,_xludf.MAXifs('Data Alokasi Mitra per Bulan'!V:V,'Data Alokasi Mitra per Bulan'!C:C,B401,'Data Alokasi Mitra per Bulan'!D:D,C401))) -> #NAME? | G401: =EOMONTH("1/4/2025",0) -> 45777
A402: =CONCATENATE(B402,C402) -> Alvani Bregina NgongoloyApril | B402: Alvani Bregina Ngongoloy | C402: April | D402: =SUMIFS('Data Alokasi Mitra per Bulan'!G:G,'Data Alokasi Mitra per Bulan'!C:C,B402,'Data Alokasi Mitra per Bulan'!D:D,C402) -> 1524000 | E402: =IF(D402>3530000,"MELEWATI BATAS HONOR","Dibawah Batas Honor") -> Dibawah Batas Honor | F402: =IF(_xludf.MAXifs('Data Alokasi Mitra per Bulan'!V:V,'Data Alokasi Mitra per Bulan'!C:C,B402,'Data Alokasi Mitra per Bulan'!D:D,C402)=0,G402,IF(YEAR(_xludf.MAXifs('Data Alokasi Mitra per Bulan'!V:V,'Data Alokasi Mitra per Bulan'!C:C,B402,'Data Alokasi Mitra per Bulan'!D:D,C402))=2024,G402,_xludf.MAXifs('Data Alokasi Mitra per Bulan'!V:V,'Data Alokasi Mitra per Bulan'!C:C,B402,'Data Alokasi Mitra per Bulan'!D:D,C402))) -> #NAME? | G402: =EOMONTH("1/4/2025",0) -> 45777
A403: =CONCATENATE(B403,C403) -> anastasia rany makanaungApril | B403: anastasia rany makanaung | C403: April | D403: =SUMIFS('Data Alokasi Mitra per Bulan'!G:G,'Data Alokasi Mitra per Bulan'!C:C,B403,'Data Alokasi Mitra per Bulan'!D:D,C403) -> 0 | E403: =IF(D403>3530000,"MELEWATI BATAS HONOR","Dibawah Batas Honor") -> Dibawah Batas Honor | F403: =IF(_xludf.MAXifs('Data Alokasi Mitra per Bulan'!V:V,'Data Alokasi Mitra per Bulan'!C:C,B403,'Data Alokasi Mitra per Bulan'!D:D,C403)=0,G403,IF(YEAR(_xludf.MAXifs('Data Alokasi Mitra per Bulan'!V:V,'Data Alokasi Mitra per Bulan'!C:C,B403,'Data Alokasi Mitra per Bulan'!D:D,C403))=2024,G403,_xludf.MAXifs('Data Alokasi Mitra per Bulan'!V:V,'Data Alokasi Mitra per Bulan'!C:C,B403,'Data Alokasi Mitra per Bulan'!D:D,C403))) -> #NAME? | G403: =EOMONTH("1/4/2025",0) -> 45777
A404: =CONCATENATE(B404,C404) -> Anatasya MasudaraApril | B404: Anatasya Masudara | C404: April | D404: =SUMIFS('Data Alokasi Mitra per Bulan'!G:G,'Data Alokasi Mitra per Bulan'!C:C,B404,'Data Alokasi Mitra per Bulan'!D:D,C404) -> 0 | E404: =IF(D404>3530000,"MELEWATI BATAS HONOR","Dibawah Batas Honor") -> Dibawah Batas Honor | F404: =IF(_xludf.MAXifs('Data Alokasi Mitra per Bulan'!V:V,'Data Alokasi Mitra per Bulan'!C:C,B404,'Data Alokasi Mitra per Bulan'!D:D,C404)=0,G404,IF(YEAR(_xludf.MAXifs('Data Alokasi Mitra per Bulan'!V:V,'Data Alokasi Mitra per Bulan'!C:C,B404,'Data Alokasi Mitra per Bulan'!D:D,C404))=2024,G404,_xludf.MAXifs('Data Alokasi Mitra per Bulan'!V:V,'Data Alokasi Mitra per Bulan'!C:C,B404,'Data Alokasi Mitra per Bulan'!D:D,C404))) -> #NAME? | G404: =EOMONTH("1/4/2025",0) -> 45777
A405: =CONCATENATE(B405,C405) -> ANGELIA FRANSISCA SUNDAHApril | B405: ANGELIA FRANSISCA SUNDAH | C405: April | D405: =SUMIFS('Data Alokasi Mitra per Bulan'!G:G,'Data Alokasi Mitra per Bulan'!C:C,B405,'Data Alokasi Mitra per Bulan'!D:D,C405) -> 0 | E405: =IF(D405>3530000,"MELEWATI BATAS HONOR","Dibawah Batas Honor") -> Dibawah Batas Honor | F405: =IF(_xludf.MAXifs('Data Alokasi Mitra per Bulan'!V:V,'Data Alokasi Mitra per Bulan'!C:C,B405,'Data Alokasi Mitra per Bulan'!D:D,C405)=0,G405,IF(YEAR(_xludf.MAXifs('Data Alokasi Mitra per Bulan'!V:V,'Data Alokasi Mitra per Bulan'!C:C,B405,'Data Alokasi Mitra per Bulan'!D:D,C405))=2024,G405,_xludf.MAXifs('Data Alokasi Mitra per Bulan'!V:V,'Data Alokasi Mitra per Bulan'!C:C,B405,'Data Alokasi Mitra per Bulan'!D:D,C405))) -> #NAME? | G405: =EOMONTH("1/4/2025",0) -> 45777
A406: =CONCATENATE(B406,C406) -> Anita A BolungApril | B406: Anita A Bolung | C406: April | D406: =SUMIFS('Data Alokasi Mitra per Bulan'!G:G,'Data Alokasi Mitra per Bulan'!C:C,B406,'Data Alokasi Mitra per Bulan'!D:D,C406) -> 0 | E406: =IF(D406>3530000,"MELEWATI BATAS HONOR","Dibawah Batas Honor") -> Dibawah Batas Honor | F406: =IF(_xludf.MAXifs('Data Alokasi Mitra per Bulan'!V:V,'Data Alokasi Mitra per Bulan'!C:C,B406,'Data Alokasi Mitra per Bulan'!D:D,C406)=0,G406,IF(YEAR(_xludf.MAXifs('Data Alokasi Mitra per Bulan'!V:V,'Data Alokasi Mitra per Bulan'!C:C,B406,'Data Alokasi Mitra per Bulan'!D:D,C406))=2024,G406,_xludf.MAXifs('Data Alokasi Mitra per Bulan'!V:V,'Data Alokasi Mitra per Bulan'!C:C,B406,'Data Alokasi Mitra per Bulan'!D:D,C406))) -> #NAME? | G406: =EOMONTH("1/4/2025",0) -> 45777
A407: =CONCATENATE(B407,C407) -> Anita Afrianti SemenApril | B407: Anita Afrianti Semen | C407: April | D407: =SUMIFS('Data Alokasi Mitra per Bulan'!G:G,'Data Alokasi Mitra per Bulan'!C:C,B407,'Data Alokasi Mitra per Bulan'!D:D,C407) -> 0 | E407: =IF(D407>3530000,"MELEWATI BATAS HONOR","Dibawah Batas Honor") -> Dibawah Batas Honor | F407: =IF(_xludf.MAXifs('Data Alokasi Mitra per Bulan'!V:V,'Data Alokasi Mitra per Bulan'!C:C,B407,'Data Alokasi Mitra per Bulan'!D:D,C407)=0,G407,IF(YEAR(_xludf.MAXifs('Data Alokasi Mitra per Bulan'!V:V,'Data Alokasi Mitra per Bulan'!C:C,B407,'Data Alokasi Mitra per Bulan'!D:D,C407))=2024,G407,_xludf.MAXifs('Data Alokasi Mitra per Bulan'!V:V,'Data Alokasi Mitra per Bulan'!C:C,B407,'Data Alokasi Mitra per Bulan'!D:D,C407))) -> #NAME? | G407: =EOMONTH("1/4/2025",0) -> 45777
A408: =CONCATENATE(B408,C408) -> Arief RohmanApril | B408: Arief Rohman | C408: April | D408: =SUMIFS('Data Alokasi Mitra per Bulan'!G:G,'Data Alokasi Mitra per Bulan'!C:C,B408,'Data Alokasi Mitra per Bulan'!D:D,C408) -> 0 | E408: =IF(D408>3530000,"MELEWATI BATAS HONOR","Dibawah Batas Honor") -> Dibawah Batas Honor | F408: =IF(_xludf.MAXifs('Data Alokasi Mitra per Bulan'!V:V,'Data Alokasi Mitra per Bulan'!C:C,B408,'Data Alokasi Mitra per Bulan'!D:D,C408)=0,G408,IF(YEAR(_xludf.MAXifs('Data Alokasi Mitra per Bulan'!V:V,'Data Alokasi Mitra per Bulan'!C:C,B408,'Data Alokasi Mitra per Bulan'!D:D,C408))=2024,G408,_xludf.MAXifs('Data Alokasi Mitra per Bulan'!V:V,'Data Alokasi Mitra per Bulan'!C:C,B408,'Data Alokasi Mitra per Bulan'!D:D,C408))) -> #NAME? | G408: =EOMONTH("1/4/2025",0) -> 45777
A409: =CONCATENATE(B409,C409) -> ARTHUR CARLOS BOGARApril | B409: ARTHUR CARLOS BOGAR | C409: April | D409: =SUMIFS('Data Alokasi Mitra per Bulan'!G:G,'Data Alokasi Mitra per Bulan'!C:C,B409,'Data Alokasi Mitra per Bulan'!D:D,C409) -> 2703000 | E409: =IF(D409>3530000,"MELEWATI BATAS HONOR","Dibawah Batas Honor") -> Dibawah Batas Honor | F409: =IF(_xludf.MAXifs('Data Alokasi Mitra per Bulan'!V:V,'Data Alokasi Mitra per Bulan'!C:C,B409,'Data Alokasi Mitra per Bulan'!D:D,C409)=0,G409,IF(YEAR(_xludf.MAXifs('Data Alokasi Mitra per Bulan'!V:V,'Data Alokasi Mitra per Bulan'!C:C,B409,'Data Alokasi Mitra per Bulan'!D:D,C409))=2024,G409,_xludf.MAXifs('Data Alokasi Mitra per Bulan'!V:V,'Data Alokasi Mitra per Bulan'!C:C,B409,'Data Alokasi Mitra per Bulan'!D:D,C409))) -> #NAME? | G409: =EOMONTH("1/4/2025",0) -> 45777
... A529: =CONCATENATE(B529,C529) -> Yunita Rahayu Ekaputri AbdjulApril | B529: Yunita Rahayu Ekaputri Abdjul | C529: April | D529: =SUMIFS('Data Alokasi Mitra per Bulan'!G:G,'Data Alokasi Mitra per Bulan'!C:C,B529,'Data Alokasi Mitra per Bulan'!D:D,C529) -> 0 | E529: =IF(D529>3530000,"MELEWATI BATAS HONOR","Dibawah Batas Honor") -> Dibawah Batas Honor | F529: =IF(_xludf.MAXifs('Data Alokasi Mitra per Bulan'!V:V,'Data Alokasi Mitra per Bulan'!C:C,B529,'Data Alokasi Mitra per Bulan'!D:D,C529)=0,G529,IF(YEAR(_xludf.MAXifs('Data Alokasi Mitra per Bulan'!V:V,'Data Alokasi Mitra per Bulan'!C:C,B529,'Data Alokasi Mitra per Bulan'!D:D,C529))=2024,G529,_xludf.MAXifs('Data Alokasi Mitra per Bulan'!V:V,'Data Alokasi Mitra per Bulan'!C:C,B529,'Data Alokasi Mitra per Bulan'!D:D,C529))) -> #NAME? | G529: =EOMONTH("1/4/2025",0) -> 45777
A530: =CONCATENATE(B530,C530) -> Adhan Yeremia AlhasniMei | B530: Adhan Yeremia Alhasni | C530: Mei | D530: =SUMIFS('Data Alokasi Mitra per Bulan'!G:G,'Data Alokasi Mitra per Bulan'!C:C,B530,'Data Alokasi Mitra per Bulan'!D:D,C530) -> 0 | E530: =IF(D530>3530000,"MELEWATI BATAS HONOR","Dibawah Batas Honor") -> Dibawah Batas Honor | F530: =IF(_xludf.MAXifs('Data Alokasi Mitra per Bulan'!V:V,'Data Alokasi Mitra per Bulan'!C:C,B530,'Data Alokasi Mitra per Bulan'!D:D,C530)=0,G530,IF(YEAR(_xludf.MAXifs('Data Alokasi Mitra per Bulan'!V:V,'Data Alokasi Mitra per Bulan'!C:C,B530,'Data Alokasi Mitra per Bulan'!D:D,C530))=2024,G530,_xludf.MAXifs('Data Alokasi Mitra per Bulan'!V:V,'Data Alokasi Mitra per Bulan'!C:C,B530,'Data Alokasi Mitra per Bulan'!D:D,C530))) -> #NAME? | G530: 45810
A531: =CONCATENATE(B531,C531) -> Adriana TandajuMei | B531: Adriana Tandaju | C531: Mei | D531: =SUMIFS('Data Alokasi Mitra per Bulan'!G:G,'Data Alokasi Mitra per Bulan'!C:C,B531,'Data Alokasi Mitra per Bulan'!D:D,C531) -> 2609000 | E531: =IF(D531>3530000,"MELEWATI BATAS HONOR","Dibawah Batas Honor") -> Dibawah Batas Honor | F531: =IF(_xludf.MAXifs('Data Alokasi Mitra per Bulan'!V:V,'Data Alokasi Mitra per Bulan'!C:C,B531,'Data Alokasi Mitra per Bulan'!D:D,C531)=0,G531,IF(YEAR(_xludf.MAXifs('Data Alokasi Mitra per Bulan'!V:V,'Data Alokasi Mitra per Bulan'!C:C,B531,'Data Alokasi Mitra per Bulan'!D:D,C531))=2024,G531,_xludf.MAXifs('Data Alokasi Mitra per Bulan'!V:V,'Data Alokasi Mitra per Bulan'!C:C,B531,'Data Alokasi Mitra per Bulan'!D:D,C531))) -> #NAME? | G531: 45810 | I531: tanggal awal bulan harus di hari kerja, jika di bulan tsb tgl 1 libur maka geser ke tgl terakhir bulan sblmnya yg hari kerja
A532: =CONCATENATE(B532,C532) -> AGUSTINTJE MAKAHANAPMei | B532: AGUSTINTJE MAKAHANAP | C532: Mei | D532: =SUMIFS('Data Alokasi Mitra per Bulan'!G:G,'Data Alokasi Mitra per Bulan'!C:C,B532,'Data Alokasi Mitra per Bulan'!D:D,C532) -> 0 | E532: =IF(D532>3530000,"MELEWATI BATAS HONOR","Dibawah Batas Honor") -> Dibawah Batas Honor | F532: =IF(_xludf.MAXifs('Data Alokasi Mitra per Bulan'!V:V,'Data Alokasi Mitra per Bulan'!C:C,B532,'Data Alokasi Mitra per Bulan'!D:D,C532)=0,G532,IF(YEAR(_xludf.MAXifs('Data Alokasi Mitra per Bulan'!V:V,'Data Alokasi Mitra per Bulan'!C:C,B532,'Data Alokasi Mitra per Bulan'!D:D,C532))=2024,G532,_xludf.MAXifs('Data Alokasi Mitra per Bulan'!V:V,'Data Alokasi Mitra per Bulan'!C:C,B532,'Data Alokasi Mitra per Bulan'!D:D,C532))) -> #NAME? | G532: 45810 | I532: tanggal akhir bulan harus hari kerja, jika di bulan tsb tgl 30/31 libur maka geser ke tgl awal hari kerja bulan berikutnya
A533: =CONCATENATE(B533,C533) -> Alice lady diana mantiriMei | B533: Alice lady diana mantiri | C533: Mei | D533: =SUMIFS('Data Alokasi Mitra per Bulan'!G:G,'Data Alokasi Mitra per Bulan'!C:C,B533,'Data Alokasi Mitra per Bulan'!D:D,C533) -> 0 | E533: =IF(D533>3530000,"MELEWATI BATAS HONOR","Dibawah Batas Honor") -> Dibawah Batas Honor | F533: =IF(_xludf.MAXifs('Data Alokasi Mitra per Bulan'!V:V,'Data Alokasi Mitra per Bulan'!C:C,B533,'Data Alokasi Mitra per Bulan'!D:D,C533)=0,G533,IF(YEAR(_xludf.MAXifs('Data Alokasi Mitra per Bulan'!V:V,'Data Alokasi Mitra per Bulan'!C:C,B533,'Data Alokasi Mitra per Bulan'!D:D,C533))=2024,G533,_xludf.MAXifs('Data Alokasi Mitra per Bulan'!V:V,'Data Alokasi Mitra per Bulan'!C:C,B533,'Data Alokasi Mitra per Bulan'!D:D,C533))) -> #NAME? | G533: 45810
A534: =CONCATENATE(B534,C534) -> Alvani Bregina NgongoloyMei | B534: Alvani Bregina Ngongoloy | C534: Mei | D534: =SUMIFS('Data Alokasi Mitra per Bulan'!G:G,'Data Alokasi Mitra per Bulan'!C:C,B534,'Data Alokasi Mitra per Bulan'!D:D,C534) -> 1386000 | E534: =IF(D534>3530000,"MELEWATI BATAS HONOR","Dibawah Batas Honor") -> Dibawah Batas Honor | F534: =IF(_xludf.MAXifs('Data Alokasi Mitra per Bulan'!V:V,'Data Alokasi Mitra per Bulan'!C:C,B534,'Data Alokasi Mitra per Bulan'!D:D,C534)=0,G534,IF(YEAR(_xludf.MAXifs('Data Alokasi Mitra per Bulan'!V:V,'Data Alokasi Mitra per Bulan'!C:C,B534,'Data Alokasi Mitra per Bulan'!D:D,C534))=2024,G534,_xludf.MAXifs('Data Alokasi Mitra per Bulan'!V:V,'Data Alokasi Mitra per Bulan'!C:C,B534,'Data Alokasi Mitra per Bulan'!D:D,C534))) -> #NAME? | G534: 45810
A535: =CONCATENATE(B535,C535) -> anastasia rany makanaungMei | B535: anastasia rany makanaung | C535: Mei | D535: =SUMIFS('Data Alokasi Mitra per Bulan'!G:G,'Data Alokasi Mitra per Bulan'!C:C,B535,'Data Alokasi Mitra per Bulan'!D:D,C535) -> 0 | E535: =IF(D535>3530000,"MELEWATI BATAS HONOR","Dibawah Batas Honor") -> Dibawah Batas Honor | F535: =IF(_xludf.MAXifs('Data Alokasi Mitra per Bulan'!V:V,'Data Alokasi Mitra per Bulan'!C:C,B535,'Data Alokasi Mitra per Bulan'!D:D,C535)=0,G535,IF(YEAR(_xludf.MAXifs('Data Alokasi Mitra per Bulan'!V:V,'Data Alokasi Mitra per Bulan'!C:C,B535,'Data Alokasi Mitra per Bulan'!D:D,C535))=2024,G535,_xludf.MAXifs('Data Alokasi Mitra per Bulan'!V:V,'Data Alokasi Mitra per Bulan'!C:C,B535,'Data Alokasi Mitra per Bulan'!D:D,C535))) -> #NAME? | G535: 45810
A536: =CONCATENATE(B536,C536) -> Anatasya MasudaraMei | B536: Anatasya Masudara | C536: Mei | D536: =SUMIFS('Data Alokasi Mitra per Bulan'!G:G,'Data Alokasi Mitra per Bulan'!C:C,B536,'Data Alokasi Mitra per Bulan'!D:D,C536) -> 0 | E536: =IF(D536>3530000,"MELEWATI BATAS HONOR","Dibawah Batas Honor") -> Dibawah Batas Honor | F536: =IF(_xludf.MAXifs('Data Alokasi Mitra per Bulan'!V:V,'Data Alokasi Mitra per Bulan'!C:C,B536,'Data Alokasi Mitra per Bulan'!D:D,C536)=0,G536,IF(YEAR(_xludf.MAXifs('Data Alokasi Mitra per Bulan'!V:V,'Data Alokasi Mitra per Bulan'!C:C,B536,'Data Alokasi Mitra per Bulan'!D:D,C536))=2024,G536,_xludf.MAXifs('Data Alokasi Mitra per Bulan'!V:V,'Data Alokasi Mitra per Bulan'!C:C,B536,'Data Alokasi Mitra per Bulan'!D:D,C536))) -> #NAME? | G536: 45810
A537: =CONCATENATE(B537,C537) -> ANGELIA FRANSISCA SUNDAHMei | B537: ANGELIA FRANSISCA SUNDAH | C537: Mei | D537: =SUMIFS('Data Alokasi Mitra per Bulan'!G:G,'Data Alokasi Mitra per Bulan'!C:C,B537,'Data Alokasi Mitra per Bulan'!D:D,C537) -> 0 | E537: =IF(D537>3530000,"MELEWATI BATAS HONOR","Dibawah Batas Honor") -> Dibawah Batas Honor | F537: =IF(_xludf.MAXifs('Data Alokasi Mitra per Bulan'!V:V,'Data Alokasi Mitra per Bulan'!C:C,B537,'Data Alokasi Mitra per Bulan'!D:D,C537)=0,G537,IF(YEAR(_xludf.MAXifs('Data Alokasi Mitra per Bulan'!V:V,'Data Alokasi Mitra per Bulan'!C:C,B537,'Data Alokasi Mitra per Bulan'!D:D,C537))=2024,G537,_xludf.MAXifs('Data Alokasi Mitra per Bulan'!V:V,'Data Alokasi Mitra per Bulan'!C:C,B537,'Data Alokasi Mitra per Bulan'!D:D,C537))) -> #NAME? | G537: 45810
A538: =CONCATENATE(B538,C538) -> Anita A BolungMei | B538: Anita A Bolung | C538: Mei | D538: =SUMIFS('Data Alokasi Mitra per Bulan'!G:G,'Data Alokasi Mitra per Bulan'!C:C,B538,'Data Alokasi Mitra per Bulan'!D:D,C538) -> 0 | E538: =IF(D538>3530000,"MELEWATI BATAS HONOR","Dibawah Batas Honor") -> Dibawah Batas Honor | F538: =IF(_xludf.MAXifs('Data Alokasi Mitra per Bulan'!V:V,'Data Alokasi Mitra per Bulan'!C:C,B538,'Data Alokasi Mitra per Bulan'!D:D,C538)=0,G538,IF(YEAR(_xludf.MAXifs('Data Alokasi Mitra per Bulan'!V:V,'Data Alokasi Mitra per Bulan'!C:C,B538,'Data Alokasi Mitra per Bulan'!D:D,C538))=2024,G538,_xludf.MAXifs('Data Alokasi Mitra per Bulan'!V:V,'Data Alokasi Mitra per Bulan'!C:C,B538,'Data Alokasi Mitra per Bulan'!D:D,C538))) -> #NAME? | G538: 45810
A539: =CONCATENATE(B539,C539) -> Anita Afrianti SemenMei | B539: Anita Afrianti Semen | C539: Mei | D539: =SUMIFS('Data Alokasi Mitra per Bulan'!G:G,'Data Alokasi Mitra per Bulan'!C:C,B539,'Data Alokasi Mitra per Bulan'!D:D,C539) -> 0 | E539: =IF(D539>3530000,"MELEWATI BATAS HONOR","Dibawah Batas Honor") -> Dibawah Batas Honor | F539: =IF(_xludf.MAXifs('Data Alokasi Mitra per Bulan'!V:V,'Data Alokasi Mitra per Bulan'!C:C,B539,'Data Alokasi Mitra per Bulan'!D:D,C539)=0,G539,IF(YEAR(_xludf.MAXifs('Data Alokasi Mitra per Bulan'!V:V,'Data Alokasi Mitra per Bulan'!C:C,B539,'Data Alokasi Mitra per Bulan'!D:D,C539))=2024,G539,_xludf.MAXifs('Data Alokasi Mitra per Bulan'!V:V,'Data Alokasi Mitra per Bulan'!C:C,B539,'Data Alokasi Mitra per Bulan'!D:D,C539))) -> #NAME? | G539: 45810
A540: =CONCATENATE(B540,C540) -> Arief RohmanMei | B540: Arief Rohman | C540: Mei | D540: =SUMIFS('Data Alokasi Mitra per Bulan'!G:G,'Data Alokasi Mitra per Bulan'!C:C,B540,'Data Alokasi Mitra per Bulan'!D:D,C540) -> 0 | E540: =IF(D540>3530000,"MELEWATI BATAS HONOR","Dibawah Batas Honor") -> Dibawah Batas Honor | F540: =IF(_xludf.MAXifs('Data Alokasi Mitra per Bulan'!V:V,'Data Alokasi Mitra per Bulan'!C:C,B540,'Data Alokasi Mitra per Bulan'!D:D,C540)=0,G540,IF(YEAR(_xludf.MAXifs('Data Alokasi Mitra per Bulan'!V:V,'Data Alokasi Mitra per Bulan'!C:C,B540,'Data Alokasi Mitra per Bulan'!D:D,C540))=2024,G540,_xludf.MAXifs('Data Alokasi Mitra per Bulan'!V:V,'Data Alokasi Mitra per Bulan'!C:C,B540,'Data Alokasi Mitra per Bulan'!D:D,C540))) -> #NAME? | G540: 45810
A541: =CONCATENATE(B541,C541) -> ARTHUR CARLOS BOGARMei | B541: ARTHUR CARLOS BOGAR | C541: Mei | D541: =SUMIFS('Data Alokasi Mitra per Bulan'!G:G,'Data Alokasi Mitra per Bulan'!C:C,B541,'Data Alokasi Mitra per Bulan'!D:D,C541) -> 1060000 | E541: =IF(D541>3530000,"MELEWATI BATAS HONOR","Dibawah Batas Honor") -> Dibawah Batas Honor | F541: 45810 | G541: 45810
A542: =CONCATENATE(B542,C542) -> Arthur jimmy adilangMei | B542: Arthur jimmy adilang | C542: Mei | D542: =SUMIFS('Data Alokasi Mitra per Bulan'!G:G,'Data Alokasi Mitra per Bulan'!C:C,B542,'Data Alokasi Mitra per Bulan'!D:D,C542) -> 0 | E542: =IF(D542>3530000,"MELEWATI BATAS HONOR","Dibawah Batas Honor") -> Dibawah Batas Honor | F542: =IF(_xludf.MAXifs('Data Alokasi Mitra per Bulan'!V:V,'Data Alokasi Mitra per Bulan'!C:C,B542,'Data Alokasi Mitra per Bulan'!D:D,C542)=0,G542,IF(YEAR(_xludf.MAXifs('Data Alokasi Mitra per Bulan'!V:V,'Data Alokasi Mitra per Bulan'!C:C,B542,'Data Alokasi Mitra per Bulan'!D:D,C542))=2024,G542,_xludf.MAXifs('Data Alokasi Mitra per Bulan'!V:V,'Data Alokasi Mitra per Bulan'!C:C,B542,'Data Alokasi Mitra per Bulan'!D:D,C542))) -> #NAME? | G542: 45810
A543: =CONCATENATE(B543,C543) -> Atria Sari Juwita UmarMei | B543: Atria Sari Juwita Umar | C543: Mei | D543: =SUMIFS('Data Alokasi Mitra per Bulan'!G:G,'Data Alokasi Mitra per Bulan'!C:C,B543,'Data Alokasi Mitra per Bulan'!D:D,C543) -> 0 | E543: =IF(D543>3530000,"MELEWATI BATAS HONOR","Dibawah Batas Honor") -> Dibawah Batas Honor | F543: =IF(_xludf.MAXifs('Data Alokasi Mitra per Bulan'!V:V,'Data Alokasi Mitra per Bulan'!C:C,B543,'Data Alokasi Mitra per Bulan'!D:D,C543)=0,G543,IF(YEAR(_xludf.MAXifs('Data Alokasi Mitra per Bulan'!V:V,'Data Alokasi Mitra per Bulan'!C:C,B543,'Data Alokasi Mitra per Bulan'!D:D,C543))=2024,G543,_xludf.MAXifs('Data Alokasi Mitra per Bulan'!V:V,'Data Alokasi Mitra per Bulan'!C:C,B543,'Data Alokasi Mitra per Bulan'!D:D,C543))) -> #NAME? | G543: 45810
A544: =CONCATENATE(B544,C544) -> AUDI AVRI HENRY SINGALMei | B544: AUDI AVRI HENRY SINGAL | C544: Mei | D544: =SUMIFS('Data Alokasi Mitra per Bulan'!G:G,'Data Alokasi Mitra per Bulan'!C:C,B544,'Data Alokasi Mitra per Bulan'!D:D,C544) -> 0 | E544: =IF(D544>3530000,"MELEWATI BATAS HONOR","Dibawah Batas Honor") -> Dibawah Batas Honor | F544: =IF(_xludf.MAXifs('Data Alokasi Mitra per Bulan'!V:V,'Data Alokasi Mitra per Bulan'!C:C,B544,'Data Alokasi Mitra per Bulan'!D:D,C544)=0,G544,IF(YEAR(_xludf.MAXifs('Data Alokasi Mitra per Bulan'!V:V,'Data Alokasi Mitra per Bulan'!C:C,B544,'Data Alokasi Mitra per Bulan'!D:D,C544))=2024,G544,_xludf.MAXifs('Data Alokasi Mitra per Bulan'!V:V,'Data Alokasi Mitra per Bulan'!C:C,B544,'Data Alokasi Mitra per Bulan'!D:D,C544))) -> #NAME? | G544: 45810
A545: =CONCATENATE(B545,C545) -> Caesar Valentino PinontoanMei | B545: Caesar Valentino Pinontoan | C545: Mei | D545: =SUMIFS('Data Alokasi Mitra per Bulan'!G:G,'Data Alokasi Mitra per Bulan'!C:C,B545,'Data Alokasi Mitra per Bulan'!D:D,C545) -> 0 | E545: =IF(D545>3530000,"MELEWATI BATAS HONOR","Dibawah Batas Honor") -> Dibawah Batas Honor | F545: =IF(_xludf.MAXifs('Data Alokasi Mitra per Bulan'!V:V,'Data Alokasi Mitra per Bulan'!C:C,B545,'Data Alokasi Mitra per Bulan'!D:D,C545)=0,G545,IF(YEAR(_xludf.MAXifs('Data Alokasi Mitra per Bulan'!V:V,'Data Alokasi Mitra per Bulan'!C:C,B545,'Data Alokasi Mitra per Bulan'!D:D,C545))=2024,G545,_xludf.MAXifs('Data Alokasi Mitra per Bulan'!V:V,'Data Alokasi Mitra per Bulan'!C:C,B545,'Data Alokasi Mitra per Bulan'!D:D,C545))) -> #NAME? | G545: 45810
A546: =CONCATENATE(B546,C546) -> Cecillia ArthoMei | B546: Cecillia Artho | C546: Mei | D546: =SUMIFS('Data Alokasi Mitra per Bulan'!G:G,'Data Alokasi Mitra per Bulan'!C:C,B546,'Data Alokasi Mitra per Bulan'!D:D,C546) -> 1060000 | E546: =IF(D546>3530000,"MELEWATI BATAS HONOR","Dibawah Batas Honor") -> Dibawah Batas Honor | F546: 45810 | G546: 45810 | H546: =IF(F546="31 Mei 2025",G546,G546) -> 45810
A547: =CONCATENATE(B547,C547) -> Chisandro Gian DompasMei | B547: Chisandro Gian Dompas | C547: Mei | D547: =SUMIFS('Data Alokasi Mitra per Bulan'!G:G,'Data Alokasi Mitra per Bulan'!C:C,B547,'Data Alokasi Mitra per Bulan'!D:D,C547) -> 0 | E547: =IF(D547>3530000,"MELEWATI BATAS HONOR","Dibawah Batas Honor") -> Dibawah Batas Honor | F547: =IF(_xludf.MAXifs('Data Alokasi Mitra per Bulan'!V:V,'Data Alokasi Mitra per Bulan'!C:C,B547,'Data Alokasi Mitra per Bulan'!D:D,C547)=0,G547,IF(YEAR(_xludf.MAXifs('Data Alokasi Mitra per Bulan'!V:V,'Data Alokasi Mitra per Bulan'!C:C,B547,'Data Alokasi Mitra per Bulan'!D:D,C547))=2024,G547,_xludf.MAXifs('Data Alokasi Mitra per Bulan'!V:V,'Data Alokasi Mitra per Bulan'!C:C,B547,'Data Alokasi Mitra per Bulan'!D:D,C547))) -> #NAME? | G547: 45810 | H547: =IF(F547=31/5/2025,G547,G547) -> #NAME?
A548: =CONCATENATE(B548,C548) -> Christanto TatuwoMei | B548: Christanto Tatuwo | C548: Mei | D548: =SUMIFS('Data Alokasi Mitra per Bulan'!G:G,'Data Alokasi Mitra per Bulan'!C:C,B548,'Data Alokasi Mitra per Bulan'!D:D,C548) -> 0 | E548: =IF(D548>3530000,"MELEWATI BATAS HONOR","Dibawah Batas Honor") -> Dibawah Batas Honor | F548: =IF(_xludf.MAXifs('Data Alokasi Mitra per Bulan'!V:V,'Data Alokasi Mitra per Bulan'!C:C,B548,'Data Alokasi Mitra per Bulan'!D:D,C548)=0,G548,IF(YEAR(_xludf.MAXifs('Data Alokasi Mitra per Bulan'!V:V,'Data Alokasi Mitra per Bulan'!C:C,B548,'Data Alokasi Mitra per Bulan'!D:D,C548))=2024,G548,_xludf.MAXifs('Data Alokasi Mitra per Bulan'!V:V,'Data Alokasi Mitra per Bulan'!C:C,B548,'Data Alokasi Mitra per Bulan'!D:D,C548))) -> #NAME? | G548: 45810 | H548: =IF(F548=31/5/2025,G548,G548) -> #NAME?
A549: =CONCATENATE(B549,C549) -> Christine Novalien MandagieMei | B549: Christine Novalien Mandagie | C549: Mei | D549: =SUMIFS('Data Alokasi Mitra per Bulan'!G:G,'Data Alokasi Mitra per Bulan'!C:C,B549,'Data Alokasi Mitra per Bulan'!D:D,C549) -> 0 | E549: =IF(D549>3530000,"MELEWATI BATAS HONOR","Dibawah Batas Honor") -> Dibawah Batas Honor | F549: =IF(_xludf.MAXifs('Data Alokasi Mitra per Bulan'!V:V,'Data Alokasi Mitra per Bulan'!C:C,B549,'Data Alokasi Mitra per Bulan'!D:D,C549)=0,G549,IF(YEAR(_xludf.MAXifs('Data Alokasi Mitra per Bulan'!V:V,'Data Alokasi Mitra per Bulan'!C:C,B549,'Data Alokasi Mitra per Bulan'!D:D,C549))=2024,G549,_xludf.MAXifs('Data Alokasi Mitra per Bulan'!V:V,'Data Alokasi Mitra per Bulan'!C:C,B549,'Data Alokasi Mitra per Bulan'!D:D,C549))) -> #NAME? | G549: 45810 | H549: =IF(F549=31/5/2025,G549,G549) -> #NAME?
A550: =CONCATENATE(B550,C550) -> Claudia Monica MoningkaMei | B550: Claudia Monica Moningka | C550: Mei | D550: =SUMIFS('Data Alokasi Mitra per Bulan'!G:G,'Data Alokasi Mitra per Bulan'!C:C,B550,'Data Alokasi Mitra per Bulan'!D:D,C550) -> 0 | E550: =IF(D550>3530000,"MELEWATI BATAS HONOR","Dibawah Batas Honor") -> Dibawah Batas Honor | F550: =IF(_xludf.MAXifs('Data Alokasi Mitra per Bulan'!V:V,'Data Alokasi Mitra per Bulan'!C:C,B550,'Data Alokasi Mitra per Bulan'!D:D,C550)=0,G550,IF(YEAR(_xludf.MAXifs('Data Alokasi Mitra per Bulan'!V:V,'Data Alokasi Mitra per Bulan'!C:C,B550,'Data Alokasi Mitra per Bulan'!D:D,C550))=2024,G550,_xludf.MAXifs('Data Alokasi Mitra per Bulan'!V:V,'Data Alokasi Mitra per Bulan'!C:C,B550,'Data Alokasi Mitra per Bulan'!D:D,C550))) -> #NAME? | G550: 45810 | H550: =IF(F550=31/5/2025,G550,G550) -> #NAME?
A551: =CONCATENATE(B551,C551) -> Cynthia Josephina Simei KawatakMei | B551: Cynthia Josephina Simei Kawatak | C551: Mei | D551: =SUMIFS('Data Alokasi Mitra per Bulan'!G:G,'Data Alokasi Mitra per Bulan'!C:C,B551,'Data Alokasi Mitra per Bulan'!D:D,C551) -> 0 | E551: =IF(D551>3530000,"MELEWATI BATAS HONOR","Dibawah Batas Honor") -> Dibawah Batas Honor | F551: =IF(_xludf.MAXifs('Data Alokasi Mitra per Bulan'!V:V,'Data Alokasi Mitra per Bulan'!C:C,B551,'Data Alokasi Mitra per Bulan'!D:D,C551)=0,G551,IF(YEAR(_xludf.MAXifs('Data Alokasi Mitra per Bulan'!V:V,'Data Alokasi Mitra per Bulan'!C:C,B551,'Data Alokasi Mitra per Bulan'!D:D,C551))=2024,G551,_xludf.MAXifs('Data Alokasi Mitra per Bulan'!V:V,'Data Alokasi Mitra per Bulan'!C:C,B551,'Data Alokasi Mitra per Bulan'!D:D,C551))) -> #NAME? | G551: 45810 | H551: =IF(F551=31/5/2025,G551,G551) -> #NAME?
A552: =CONCATENATE(B552,C552) -> David Christian Philip RugianMei | B552: David Christian Philip Rugian | C552: Mei | D552: =SUMIFS('Data Alokasi Mitra per Bulan'!G:G,'Data Alokasi Mitra per Bulan'!C:C,B552,'Data Alokasi Mitra per Bulan'!D:D,C552) -> 550000 | E552: =IF(D552>3530000,"MELEWATI BATAS HONOR","Dibawah Batas Honor") -> Dibawah Batas Honor | F552: =IF(_xludf.MAXifs('Data Alokasi Mitra per Bulan'!V:V,'Data Alokasi Mitra per Bulan'!C:C,B552,'Data Alokasi Mitra per Bulan'!D:D,C552)=0,G552,IF(YEAR(_xludf.MAXifs('Data Alokasi Mitra per Bulan'!V:V,'Data Alokasi Mitra per Bulan'!C:C,B552,'Data Alokasi Mitra per Bulan'!D:D,C552))=2024,G552,_xludf.MAXifs('Data Alokasi Mitra per Bulan'!V:V,'Data Alokasi Mitra per Bulan'!C:C,B552,'Data Alokasi Mitra per Bulan'!D:D,C552))) -> #NAME? | G552: 45810 | H552: =IF(F552=31/5/2025,G552,G552) -> #NAME?
A553: =CONCATENATE(B553,C553) -> Deasy Anita Novaleth MuajaMei | B553: Deasy Anita Novaleth Muaja | C553: Mei | D553: =SUMIFS('Data Alokasi Mitra per Bulan'!G:G,'Data Alokasi Mitra per Bulan'!C:C,B553,'Data Alokasi Mitra per Bulan'!D:D,C553) -> 0 | E553: =IF(D553>3530000,"MELEWATI BATAS HONOR","Dibawah Batas Honor") -> Dibawah Batas Honor | F553: =IF(_xludf.MAXifs('Data Alokasi Mitra per Bulan'!V:V,'Data Alokasi Mitra per Bulan'!C:C,B553,'Data Alokasi Mitra per Bulan'!D:D,C553)=0,G553,IF(YEAR(_xludf.MAXifs('Data Alokasi Mitra per Bulan'!V:V,'Data Alokasi Mitra per Bulan'!C:C,B553,'Data Alokasi Mitra per Bulan'!D:D,C553))=2024,G553,_xludf.MAXifs('Data Alokasi Mitra per Bulan'!V:V,'Data Alokasi Mitra per Bulan'!C:C,B553,'Data Alokasi Mitra per Bulan'!D:D,C553))) -> #NAME? | G553: 45810 | H553: =IF(F553=31/5/2025,G553,G553) -> #NAME?
A554: =CONCATENATE(B554,C554) -> Debora Oktaria Angelia PontohMei | B554: Debora Oktaria Angelia Pontoh | C554: Mei | D554: =SUMIFS('Data Alokasi Mitra per Bulan'!G:G,'Data Alokasi Mitra per Bulan'!C:C,B554,'Data Alokasi Mitra per Bulan'!D:D,C554) -> 0 | E554: =IF(D554>3530000,"MELEWATI BATAS HONOR","Dibawah Batas Honor") -> Dibawah Batas Honor | F554: =IF(_xludf.MAXifs('Data Alokasi Mitra per Bulan'!V:V,'Data Alokasi Mitra per Bulan'!C:C,B554,'Data Alokasi Mitra per Bulan'!D:D,C554)=0,G554,IF(YEAR(_xludf.MAXifs('Data Alokasi Mitra per Bulan'!V:V,'Data Alokasi Mitra per Bulan'!C:C,B554,'Data Alokasi Mitra per Bulan'!D:D,C554))=2024,G554,_xludf.MAXifs('Data Alokasi Mitra per Bulan'!V:V,'Data Alokasi Mitra per Bulan'!C:C,B554,'Data Alokasi Mitra per Bulan'!D:D,C554))) -> #NAME? | G554: 45810 | H554: =IF(F554=31/5/2025,G554,G554) -> #NAME?
A555: =CONCATENATE(B555,C555) -> Dinda Meilinda FerrariMei | B555: Dinda Meilinda Ferrari | C555: Mei | D555: =SUMIFS('Data Alokasi Mitra per Bulan'!G:G,'Data Alokasi Mitra per Bulan'!C:C,B555,'Data Alokasi Mitra per Bulan'!D:D,C555) -> 0 | E555: =IF(D555>3530000,"MELEWATI BATAS HONOR","Dibawah Batas Honor") -> Dibawah Batas Honor | F555: =IF(_xludf.MAXifs('Data Alokasi Mitra per Bulan'!V:V,'Data Alokasi Mitra per Bulan'!C:C,B555,'Data Alokasi Mitra per Bulan'!D:D,C555)=0,G555,IF(YEAR(_xludf.MAXifs('Data Alokasi Mitra per Bulan'!V:V,'Data Alokasi Mitra per Bulan'!C:C,B555,'Data Alokasi Mitra per Bulan'!D:D,C555))=2024,G555,_xludf.MAXifs('Data Alokasi Mitra per Bulan'!V:V,'Data Alokasi Mitra per Bulan'!C:C,B555,'Data Alokasi Mitra per Bulan'!D:D,C555))) -> #NAME? | G555: 45810 | H555: =IF(F555=31/5/2025,G555,G555) -> #NAME?
A556: =CONCATENATE(B556,C556) -> Djurnia TumalotoMei | B556: Djurnia Tumaloto | C556: Mei | D556: =SUMIFS('Data Alokasi Mitra per Bulan'!G:G,'Data Alokasi Mitra per Bulan'!C:C,B556,'Data Alokasi Mitra per Bulan'!D:D,C556) -> 660000 | E556: =IF(D556>3530000,"MELEWATI BATAS HONOR","Dibawah Batas Honor") -> Dibawah Batas Honor | F556: =IF(_xludf.MAXifs('Data Alokasi Mitra per Bulan'!V:V,'Data Alokasi Mitra per Bulan'!C:C,B556,'Data Alokasi Mitra per Bulan'!D:D,C556)=0,G556,IF(YEAR(_xludf.MAXifs('Data Alokasi Mitra per Bulan'!V:V,'Data Alokasi Mitra per Bulan'!C:C,B556,'Data Alokasi Mitra per Bulan'!D:D,C556))=2024,G556,_xludf.MAXifs('Data Alokasi Mitra per Bulan'!V:V,'Data Alokasi Mitra per Bulan'!C:C,B556,'Data Alokasi Mitra per Bulan'!D:D,C556))) -> #NAME? | G556: 45810 | H556: =IF(F556=31/5/2025,G556,G556) -> #NAME?
A557: =CONCATENATE(B557,C557) -> Ekalita Oktavita AbubakarMei | B557: Ekalita Oktavita Abubakar | C557: Mei | D557: =SUMIFS('Data Alokasi Mitra per Bulan'!G:G,'Data Alokasi Mitra per Bulan'!C:C,B557,'Data Alokasi Mitra per Bulan'!D:D,C557) -> 322000 | E557: =IF(D557>3530000,"MELEWATI BATAS HONOR","Dibawah Batas Honor") -> Dibawah Batas Honor | F557: =IF(_xludf.MAXifs('Data Alokasi Mitra per Bulan'!V:V,'Data Alokasi Mitra per Bulan'!C:C,B557,'Data Alokasi Mitra per Bulan'!D:D,C557)=0,G557,IF(YEAR(_xludf.MAXifs('Data Alokasi Mitra per Bulan'!V:V,'Data Alokasi Mitra per Bulan'!C:C,B557,'Data Alokasi Mitra per Bulan'!D:D,C557))=2024,G557,_xludf.MAXifs('Data Alokasi Mitra per Bulan'!V:V,'Data Alokasi Mitra per Bulan'!C:C,B557,'Data Alokasi Mitra per Bulan'!D:D,C557))) -> #NAME? | G557: 45810
A558: =CONCATENATE(B558,C558) -> Ervina MongkauMei | B558: Ervina Mongkau | C558: Mei | D558: =SUMIFS('Data Alokasi Mitra per Bulan'!G:G,'Data Alokasi Mitra per Bulan'!C:C,B558,'Data Alokasi Mitra per Bulan'!D:D,C558) -> 0 | E558: =IF(D558>3530000,"MELEWATI BATAS HONOR","Dibawah Batas Honor") -> Dibawah Batas Honor | F558: =IF(_xludf.MAXifs('Data Alokasi Mitra per Bulan'!V:V,'Data Alokasi Mitra per Bulan'!C:C,B558,'Data Alokasi Mitra per Bulan'!D:D,C558)=0,G558,IF(YEAR(_xludf.MAXifs('Data Alokasi Mitra per Bulan'!V:V,'Data Alokasi Mitra per Bulan'!C:C,B558,'Data Alokasi Mitra per Bulan'!D:D,C558))=2024,G558,_xludf.MAXifs('Data Alokasi Mitra per Bulan'!V:V,'Data Alokasi Mitra per Bulan'!C:C,B558,'Data Alokasi Mitra per Bulan'!D:D,C558))) -> #NAME? | G558: 45810
A559: =CONCATENATE(B559,C559) -> Esther Angle SepangMei | B559: Esther Angle Sepang | C559: Mei | D559: =SUMIFS('Data Alokasi Mitra per Bulan'!G:G,'Data Alokasi Mitra per Bulan'!C:C,B559,'Data Alokasi Mitra per Bulan'!D:D,C559) -> 1320000 | E559: =IF(D559>3530000,"MELEWATI BATAS HONOR","Dibawah Batas Honor") -> Dibawah Batas Honor | F559: =IF(_xludf.MAXifs('Data Alokasi Mitra per Bulan'!V:V,'Data Alokasi Mitra per Bulan'!C:C,B559,'Data Alokasi Mitra per Bulan'!D:D,C559)=0,G559,IF(YEAR(_xludf.MAXifs('Data Alokasi Mitra per Bulan'!V:V,'Data Alokasi Mitra per Bulan'!C:C,B559,'Data Alokasi Mitra per Bulan'!D:D,C559))=2024,G559,_xludf.MAXifs('Data Alokasi Mitra per Bulan'!V:V,'Data Alokasi Mitra per Bulan'!C:C,B559,'Data Alokasi Mitra per Bulan'!D:D,C559))) -> #NAME? | G559: 45810
A560: =CONCATENATE(B560,C560) -> Evy Farmita BawawaMei | B560: Evy Farmita Bawawa | C560: Mei | D560: =SUMIFS('Data Alokasi Mitra per Bulan'!G:G,'Data Alokasi Mitra per Bulan'!C:C,B560,'Data Alokasi Mitra per Bulan'!D:D,C560) -> 0 | E560: =IF(D560>3530000,"MELEWATI BATAS HONOR","Dibawah Batas Honor") -> Dibawah Batas Honor | F560: =IF(_xludf.MAXifs('Data Alokasi Mitra per Bulan'!V:V,'Data Alokasi Mitra per Bulan'!C:C,B560,'Data Alokasi Mitra per Bulan'!D:D,C560)=0,G560,IF(YEAR(_xludf.MAXifs('Data Alokasi Mitra per Bulan'!V:V,'Data Alokasi Mitra per Bulan'!C:C,B560,'Data Alokasi Mitra per Bulan'!D:D,C560))=2024,G560,_xludf.MAXifs('Data Alokasi Mitra per Bulan'!V:V,'Data Alokasi Mitra per Bulan'!C:C,B560,'Data Alokasi Mitra per Bulan'!D:D,C560))) -> #NAME? | G560: 45810
A561: =CONCATENATE(B561,C561) -> Fahrul UnonongoMei | B561: Fahrul Unonongo | C561: Mei | D561: =SUMIFS('Data Alokasi Mitra per Bulan'!G:G,'Data Alokasi Mitra per Bulan'!C:C,B561,'Data Alokasi Mitra per Bulan'!D:D,C561) -> 0 | E561: =IF(D561>3530000,"MELEWATI BATAS HONOR","Dibawah Batas Honor") -> Dibawah Batas Honor | F561: =IF(_xludf.MAXifs('Data Alokasi Mitra per Bulan'!V:V,'Data Alokasi Mitra per Bulan'!C:C,B561,'Data Alokasi Mitra per Bulan'!D:D,C561)=0,G561,IF(YEAR(_xludf.MAXifs('Data Alokasi Mitra per Bulan'!V:V,'Data Alokasi Mitra per Bulan'!C:C,B561,'Data Alokasi Mitra per Bulan'!D:D,C561))=2024,G561,_xludf.MAXifs('Data Alokasi Mitra per Bulan'!V:V,'Data Alokasi Mitra per Bulan'!C:C,B561,'Data Alokasi Mitra per Bulan'!D:D,C561))) -> #NAME? | G561: 45810
A562: =CONCATENATE(B562,C562) -> Farida TampangMei | B562: Farida Tampang | C562: Mei | D562: =SUMIFS('Data Alokasi Mitra per Bulan'!G:G,'Data Alokasi Mitra per Bulan'!C:C,B562,'Data Alokasi Mitra per Bulan'!D:D,C562) -> 1728000 | E562: =IF(D562>3530000,"MELEWATI BATAS HONOR","Dibawah Batas Honor") -> Dibawah Batas Honor | F562: =IF(_xludf.MAXifs('Data Alokasi Mitra per Bulan'!V:V,'Data Alokasi Mitra per Bulan'!C:C,B562,'Data Alokasi Mitra per Bulan'!D:D,C562)=0,G562,IF(YEAR(_xludf.MAXifs('Data Alokasi Mitra per Bulan'!V:V,'Data Alokasi Mitra per Bulan'!C:C,B562,'Data Alokasi Mitra per Bulan'!D:D,C562))=2024,G562,_xludf.MAXifs('Data Alokasi Mitra per Bulan'!V:V,'Data Alokasi Mitra per Bulan'!C:C,B562,'Data Alokasi Mitra per Bulan'!D:D,C562))) -> #NAME? | G562: 45810
A563: =CONCATENATE(B563,C563) -> Febriani Valentin LantemonaMei | B563: Febriani Valentin Lantemona | C563: Mei | D563: =SUMIFS('Data Alokasi Mitra per Bulan'!G:G,'Data Alokasi Mitra per Bulan'!C:C,B563,'Data Alokasi Mitra per Bulan'!D:D,C563) -> 0 | E563: =IF(D563>3530000,"MELEWATI BATAS HONOR","Dibawah Batas Honor") -> Dibawah Batas Honor | F563: =IF(_xludf.MAXifs('Data Alokasi Mitra per Bulan'!V:V,'Data Alokasi Mitra per Bulan'!C:C,B563,'Data Alokasi Mitra per Bulan'!D:D,C563)=0,G563,IF(YEAR(_xludf.MAXifs('Data Alokasi Mitra per Bulan'!V:V,'Data Alokasi Mitra per Bulan'!C:C,B563,'Data Alokasi Mitra per Bulan'!D:D,C563))=2024,G563,_xludf.MAXifs('Data Alokasi Mitra per Bulan'!V:V,'Data Alokasi Mitra per Bulan'!C:C,B563,'Data Alokasi Mitra per Bulan'!D:D,C563))) -> #NAME? | G563: 45810
A564: =CONCATENATE(B564,C564) -> Feibe Ireine Syalome MaramisMei | B564: Feibe Ireine Syalome Maramis | C564: Mei | D564: =SUMIFS('Data Alokasi Mitra per Bulan'!G:G,'Data Alokasi Mitra per Bulan'!C:C,B564,'Data Alokasi Mitra per Bulan'!D:D,C564) -> 1326000 | E564: =IF(D564>3530000,"MELEWATI BATAS HONOR","Dibawah Batas Honor") -> Dibawah Batas Honor | F564: =IF(_xludf.MAXifs('Data Alokasi Mitra per Bulan'!V:V,'Data Alokasi Mitra per Bulan'!C:C,B564,'Data Alokasi Mitra per Bulan'!D:D,C564)=0,G564,IF(YEAR(_xludf.MAXifs('Data Alokasi Mitra per Bulan'!V:V,'Data Alokasi Mitra per Bulan'!C:C,B564,'Data Alokasi Mitra per Bulan'!D:D,C564))=2024,G564,_xludf.MAXifs('Data Alokasi Mitra per Bulan'!V:V,'Data Alokasi Mitra per Bulan'!C:C,B564,'Data Alokasi Mitra per Bulan'!D:D,C564))) -> #NAME? | G564: 45810
A565: =CONCATENATE(B565,C565) -> Feki WangkaMei | B565: Feki Wangka | C565: Mei | D565: =SUMIFS('Data Alokasi Mitra per Bulan'!G:G,'Data Alokasi Mitra per Bulan'!C:C,B565,'Data Alokasi Mitra per Bulan'!D:D,C565) -> 0 | E565: =IF(D565>3530000,"MELEWATI BATAS HONOR","Dibawah Batas Honor") -> Dibawah Batas Honor | F565: =IF(_xludf.MAXifs('Data Alokasi Mitra per Bulan'!V:V,'Data Alokasi Mitra per Bulan'!C:C,B565,'Data Alokasi Mitra per Bulan'!D:D,C565)=0,G565,IF(YEAR(_xludf.MAXifs('Data Alokasi Mitra per Bulan'!V:V,'Data Alokasi Mitra per Bulan'!C:C,B565,'Data Alokasi Mitra per Bulan'!D:D,C565))=2024,G565,_xludf.MAXifs('Data Alokasi Mitra per Bulan'!V:V,'Data Alokasi Mitra per Bulan'!C:C,B565,'Data Alokasi Mitra per Bulan'!D:D,C565))) -> #NAME? | G565: 45810
A566: =CONCATENATE(B566,C566) -> Femmy abdullatiefMei | B566: Femmy abdullatief | C566: Mei | D566: =SUMIFS('Data Alokasi Mitra per Bulan'!G:G,'Data Alokasi Mitra per Bulan'!C:C,B566,'Data Alokasi Mitra per Bulan'!D:D,C566) -> 0 | E566: =IF(D566>3530000,"MELEWATI BATAS HONOR","Dibawah Batas Honor") -> Dibawah Batas Honor | F566: =IF(_xludf.MAXifs('Data Alokasi Mitra per Bulan'!V:V,'Data Alokasi Mitra per Bulan'!C:C,B566,'Data Alokasi Mitra per Bulan'!D:D,C566)=0,G566,IF(YEAR(_xludf.MAXifs('Data Alokasi Mitra per Bulan'!V:V,'Data Alokasi Mitra per Bulan'!C:C,B566,'Data Alokasi Mitra per Bulan'!D:D,C566))=2024,G566,_xludf.MAXifs('Data Alokasi Mitra per Bulan'!V:V,'Data Alokasi Mitra per Bulan'!C:C,B566,'Data Alokasi Mitra per Bulan'!D:D,C566))) -> #NAME? | G566: 45810
A567: =CONCATENATE(B567,C567) -> Fily SepangMei | B567: Fily Sepang | C567: Mei | D567: =SUMIFS('Data Alokasi Mitra per Bulan'!G:G,'Data Alokasi Mitra per Bulan'!C:C,B567,'Data Alokasi Mitra per Bulan'!D:D,C567) -> 0 | E567: =IF(D567>3530000,"MELEWATI BATAS HONOR","Dibawah Batas Honor") -> Dibawah Batas Honor | F567: =IF(_xludf.MAXifs('Data Alokasi Mitra per Bulan'!V:V,'Data Alokasi Mitra per Bulan'!C:C,B567,'Data Alokasi Mitra per Bulan'!D:D,C567)=0,G567,IF(YEAR(_xludf.MAXifs('Data Alokasi Mitra per Bulan'!V:V,'Data Alokasi Mitra per Bulan'!C:C,B567,'Data Alokasi Mitra per Bulan'!D:D,C567))=2024,G567,_xludf.MAXifs('Data Alokasi Mitra per Bulan'!V:V,'Data Alokasi Mitra per Bulan'!C:C,B567,'Data Alokasi Mitra per Bulan'!D:D,C567))) -> #NAME? | G567: 45810
A568: =CONCATENATE(B568,C568) -> Fitriany sunaryoMei | B568: Fitriany sunaryo | C568: Mei | D568: =SUMIFS('Data Alokasi Mitra per Bulan'!G:G,'Data Alokasi Mitra per Bulan'!C:C,B568,'Data Alokasi Mitra per Bulan'!D:D,C568) -> 0 | E568: =IF(D568>3530000,"MELEWATI BATAS HONOR","Dibawah Batas Honor") -> Dibawah Batas Honor | F568: =IF(_xludf.MAXifs('Data Alokasi Mitra per Bulan'!V:V,'Data Alokasi Mitra per Bulan'!C:C,B568,'Data Alokasi Mitra per Bulan'!D:D,C568)=0,G568,IF(YEAR(_xludf.MAXifs('Data Alokasi Mitra per Bulan'!V:V,'Data Alokasi Mitra per Bulan'!C:C,B568,'Data Alokasi Mitra per Bulan'!D:D,C568))=2024,G568,_xludf.MAXifs('Data Alokasi Mitra per Bulan'!V:V,'Data Alokasi Mitra per Bulan'!C:C,B568,'Data Alokasi Mitra per Bulan'!D:D,C568))) -> #NAME? | G568: 45810
... A647: =CONCATENATE(B647,C647) -> Steve MoningkeyMei | B647: Steve Moningkey | C647: Mei | D647: =SUMIFS('Data Alokasi Mitra per Bulan'!G:G,'Data Alokasi Mitra per Bulan'!C:C,B647,'Data Alokasi Mitra per Bulan'!D:D,C647) -> 0 | E647: =IF(D647>3530000,"MELEWATI BATAS HONOR","Dibawah Batas Honor") -> Dibawah Batas Honor | F647: =IF(_xludf.MAXifs('Data Alokasi Mitra per Bulan'!V:V,'Data Alokasi Mitra per Bulan'!C:C,B647,'Data Alokasi Mitra per Bulan'!D:D,C647)=0,G647,IF(YEAR(_xludf.MAXifs('Data Alokasi Mitra per Bulan'!V:V,'Data Alokasi Mitra per Bulan'!C:C,B647,'Data Alokasi Mitra per Bulan'!D:D,C647))=2024,G647,_xludf.MAXifs('Data Alokasi Mitra per Bulan'!V:V,'Data Alokasi Mitra per Bulan'!C:C,B647,'Data Alokasi Mitra per Bulan'!D:D,C647))) -> #NAME? | G647: 45810
A648: =CONCATENATE(B648,C648) -> Steven Sorts Paulus AkayMei | B648: Steven Sorts Paulus Akay | C648: Mei | D648: =SUMIFS('Data Alokasi Mitra per Bulan'!G:G,'Data Alokasi Mitra per Bulan'!C:C,B648,'Data Alokasi Mitra per Bulan'!D:D,C648) -> 3392000 | E648: =IF(D648>3530000,"MELEWATI BATAS HONOR","Dibawah Batas Honor") -> Dibawah Batas Honor | F648: 45810 | G648: 45810
A649: =CONCATENATE(B649,C649) -> STEVI NOVITA WULAN RUMANGKANGMei | B649: STEVI NOVITA WULAN RUMANGKANG | C649: Mei | D649: =SUMIFS('Data Alokasi Mitra per Bulan'!G:G,'Data Alokasi Mitra per Bulan'!C:C,B649,'Data Alokasi Mitra per Bulan'!D:D,C649) -> 0 | E649: =IF(D649>3530000,"MELEWATI BATAS HONOR","Dibawah Batas Honor") -> Dibawah Batas Honor | F649: =IF(_xludf.MAXifs('Data Alokasi Mitra per Bulan'!V:V,'Data Alokasi Mitra per Bulan'!C:C,B649,'Data Alokasi Mitra per Bulan'!D:D,C649)=0,G649,IF(YEAR(_xludf.MAXifs('Data Alokasi Mitra per Bulan'!V:V,'Data Alokasi Mitra per Bulan'!C:C,B649,'Data Alokasi Mitra per Bulan'!D:D,C649))=2024,G649,_xludf.MAXifs('Data Alokasi Mitra per Bulan'!V:V,'Data Alokasi Mitra per Bulan'!C:C,B649,'Data Alokasi Mitra per Bulan'!D:D,C649))) -> #NAME? | G649: 45810
A650: =CONCATENATE(B650,C650) -> Suriaty Hadji AliMei | B650: Suriaty Hadji Ali | C650: Mei | D650: =SUMIFS('Data Alokasi Mitra per Bulan'!G:G,'Data Alokasi Mitra per Bulan'!C:C,B650,'Data Alokasi Mitra per Bulan'!D:D,C650) -> 0 | E650: =IF(D650>3530000,"MELEWATI BATAS HONOR","Dibawah Batas Honor") -> Dibawah Batas Honor | F650: =IF(_xludf.MAXifs('Data Alokasi Mitra per Bulan'!V:V,'Data Alokasi Mitra per Bulan'!C:C,B650,'Data Alokasi Mitra per Bulan'!D:D,C650)=0,G650,IF(YEAR(_xludf.MAXifs('Data Alokasi Mitra per Bulan'!V:V,'Data Alokasi Mitra per Bulan'!C:C,B650,'Data Alokasi Mitra per Bulan'!D:D,C650))=2024,G650,_xludf.MAXifs('Data Alokasi Mitra per Bulan'!V:V,'Data Alokasi Mitra per Bulan'!C:C,B650,'Data Alokasi Mitra per Bulan'!D:D,C650))) -> #NAME? | G650: 45810
